Bank/App Name,Rating,Date,Review Text,Review ID,Source,sentiment_score,sentiment_label
Bank of Abyssinia,1,2025-05-21,"This app is a joke. It crashes more than it works, takes forever to load, and half the features are just decorative at this point. Can‚Äôt log in, can‚Äôt transfer money, can‚Äôt even check my balance without it bugging out. To the developer: Are you actually trying to make this work, or is this some kind of social experiment to test our patience? Did you build this in your sleep? Because it definitely looks like it. If this is your idea of a functional app, maybe consider a different career pathüôè",2e219268-96fd-400c-8632-0b0d1044f487,Google Play Store,-0.9990266561508179,NEGATIVE
Bank of Abyssinia,1,2025-06-03,"Hello, I‚Äôm facing a problem with the BOA Mobile app. Every time I enter my phone number and password, the app crashes and shows an error that says ‚ÄúBoaMobile closed because this app has a bug.‚Äù I tried updating, reinstalling, and clearing cache, but nothing worked. Please fix this bug in the next update. I really need access to my account. Thank you.",3559b91c-fad9-4032-bebe-cf99974b9628,Google Play Store,-0.9994151592254639,NEGATIVE
Bank of Abyssinia,1,2025-04-19,It keeps showing this pop up to turn off developer options even tho it's off! I had to turn on and then off to make it work! This is a horrible experience and needs a fix asap! Plus kinda slow.,3271d45f-2900-41b6-878c-669ac563e60a,Google Play Store,-0.9996699094772339,NEGATIVE
Bank of Abyssinia,1,2025-03-12,"Edit: New bug, app not letting me type in my otp codes. Shameful Why does this app not allow me to use it while having developer options on? Did y'all consider that I might, perhaps, be an actual developer? Why am I expected to toggle the option on and off just to bank (restarting my phone when I do)? Why is the message labled as somthing that will ""smoothen"" the experience? This is like the most ""security consultant"" thing to implement in an app. Please invest in actual security, not this mess.",7d475f3a-15b4-4e56-ae4b-1fc451749e61,Google Play Store,-0.9985970854759216,NEGATIVE
Bank of Abyssinia,5,2025-05-10,"i entered incorrect security question by mistake boa app lock pin forever, why is there no other options? ?? i contacted different branchs more then 4times but they didn't able to solve this issue .",301f6927-9395-4cda-bb77-041a36323875,Google Play Store,-0.9994921684265137,NEGATIVE
Bank of Abyssinia,1,2024-08-03,"I don't know what is wrong with BOA as a bank in general. It's been going backwards since last year or so. The app is a disaster to use in every possible way. Not stable to log in and very slow to perform transactions, couldn't take a screenshot (or can't even find the pictures even using its save screenshot option). Most of the time, it fails to perform transactions and so on. Simply, it's the worst!",b42ad5f5-049c-49dc-a13c-39b7414793d0,Google Play Store,-0.9998201727867126,NEGATIVE
Bank of Abyssinia,2,2024-05-08,What's wrong with App. this days? it doesn't working properly. 1) it's VERY SLOW & doesn't open. it's very Annoying. 2) most of the time it says repeatedly Please try it again or try it later but again and again it doesn't open or work. 3) repeatedly it says something went wrong then it off the screen. I've updated the App. when it needed but nothing changed. üëâPLEASE if it has some issues with the App. Please fix it otherwise I'm going to uninstall it.,91fa4fb9-0eb5-41f3-81b0-c40aea7e51ff,Google Play Store,-0.9997007846832275,NEGATIVE
Bank of Abyssinia,1,2024-12-07,"I‚Äôm giving this app one star because there are no options below that. My experience has been incredibly frustrating due to the extremely long loading times, and the app even closes automatically at times. People choose mobile banking for its convenience, but this app is far too time-consuming, making it the worst I‚Äôve used. I hope improvements are made to enhance the user experience.",6fe3a0f0-e9dd-4dcb-81ab-e478b1239d55,Google Play Store,-0.9997000694274902,NEGATIVE
Bank of Abyssinia,1,2024-02-18,"I have a fitayah account, a type of interest free account, and because their system is unable to process anything for people like me I can't see any of my accounts in the account list on any transaction, although I can see it when performing security actions or checking my balance, as such this app is as useless to me as the previous one. Unbelievable",ec7606a9-f681-4662-89b9-7b253d145629,Google Play Store,-0.999779999256134,NEGATIVE
Bank of Abyssinia,1,2025-05-18,Worst App ever. Totally unreliable. And it didn't work at all for the last 4 months.,f8bb86fb-594a-48ea-be1f-d08ea0882b8e,Google Play Store,-0.9997984766960144,NEGATIVE
Bank of Abyssinia,5,2024-02-06,"What an awesome app! It is supper easy to use with very attractive GUI. But there are some problems to be addressed: (1) It crashes frequently and requires mobile cache to be cleared to relaunch. (2) Automatic OTP input is good. But fix the manual activation option, too. (3) It does not boot fast. (4) There are minor errors during the installation. (5) Color contrast: In the transactions menu, the credit accounts should be in dark green than light green. The debit accounts should be in dark red.",4fbd4527-b629-488c-8ac7-8546e4e4ee9e,Google Play Store,-0.9883762001991272,NEGATIVE
Bank of Abyssinia,4,2024-12-08,"This is the best app; many features are awesome, but it should work without the need to turn off the developer options. I'm tired of having to constantly switch the developer options off and on. I've been expressing my struggles about this. I have precious settings enabled in the developer options, and to open the App Boa app, I have to turn them off. Please help us, Abyssinia Bank. I hope you can provide an update soon.",93bee220-7c85-4d30-ba6f-c8168c201b5a,Google Play Store,0.9543282389640808,POSITIVE
Bank of Abyssinia,1,2024-04-15,Can you please just make it functional. I don't think anyone cares how good it looks if not a single functionality works. Plus it's not even aestheticaly nice. The loading animated icon has white irregular edges because the logo wasn't cut out correctly. The app doesn't work at all. It doesn't even login. It gets stuck on login just showing the logo animation and blames the issue on connectivity. Connectivity is fine and the proof is that this review is posted.,daec843b-9c90-4779-9aa3-630128589864,Google Play Store,-0.7783352732658386,NEGATIVE
Bank of Abyssinia,1,2024-10-14,"Terrible Bank Experience It‚Äôs unbelievable that with all the modern technology, this bank still struggles with even basic transactions. The app constantly crashes, services are limited, and every time I try to transfer money or load Telebirr, there‚Äôs a huge delay. I have to wait 5 days for failed transactions to be refunded! Even USSD is unreliable. They‚Äôve put me in embarrassing situations countless times, and customer care never fixes anything. I‚Äôve switched banks, and you should too!",03ed7b23-17b8-4ae5-9c2f-29922a888edf,Google Play Store,-0.9995194673538208,NEGATIVE
Bank of Abyssinia,1,2024-11-29,"I have a worst experience while using this mobile application through out the year. Most of the time it fails to ""Login"" or automatically closed the app. And also it takes so much loading time (5 minutes +) trying to access the internal services. Sometimes also while transferring within and to other bank also fails. So, BOA please fix your app.",c150161c-e679-408f-aa76-41f4c9787f9a,Google Play Store,-0.9998001456260681,NEGATIVE
Bank of Abyssinia,1,2024-09-06,"It crashes frequently. It launches on Android 8.1 but I don't think it actually works on versions less than 10. If so, it shouldn't be available for download by such devices to begin with, like many other finance apps are not. It was so much better three months ago, upgrades should be for the better.",a2fb35e2-3828-4626-bddb-7443e04bf770,Google Play Store,-0.999210000038147,NEGATIVE
Bank of Abyssinia,2,2024-05-03,"Developers/ the company takes too long to update the app, and throughout that process, the app is basically useless. We can't send money or even be able to check our account. They even take it down from the Play Store for a while. This whole process usually takes them 3 to 5 days. This is very disappointing. It is an improvement from the previous version of the app, but they still have a long way to go to compete with the likes of CBE. Transferring to other banks sometimes doesn't work.",07b87145-49d8-4394-bbf7-73e43dec9ac2,Google Play Store,-0.9998020529747009,NEGATIVE
Bank of Abyssinia,1,2024-02-03,"Why the app doesn't allow to update the previous version. In addition to this, when I install the new version and try to activate, the app doesn't allow to write the activation OTP code to the screen. I have received the OTP password from telegram and email. Would you please fix this bug. Thank you",5072a136-5343-4309-b265-14b5b12f9bd3,Google Play Store,-0.997036337852478,NEGATIVE
Bank of Abyssinia,1,2025-05-06,"This app future is good, but there is problems with apps to reset and activate it, which is difficult even to the branch staffs, and it takes too long times to active at the branch plus most of the time high expected failure of activation after process at the counter and OTP sent not work",62fa097e-3fd8-4522-a3a3-9b13f17f594d,Google Play Store,-0.9989790916442871,NEGATIVE
Bank of Abyssinia,1,2024-04-29,"This app has been found useless while I compared with the first version of IB12111...that was very good, you guys what is the matter with you. You are far from the technology and the competetor's digital product through convenience, reliable, easeness _-dashen, cbe, zemen... they are doing well! share their experience and be able to satisfy your esteemed customers including me. unless you will be down soon!",91aacf0f-e666-4add-b7ca-4f952bb86899,Google Play Store,-0.9895105361938477,NEGATIVE
Bank of Abyssinia,1,2025-01-03,"I will give only one star, because it faced with multiple of problems. 1. The app is not as fast as the other banks App, for e.g like CBE 2. The App asks repeatedly to switch off developer options, even if it is switched off. 3. Bank of Abyssinia's services are interesting, but they ignored the issues on the App service. 4. Most customers gave a complain on the App, but no one accept their complain to fix the issue. 5. Lastly, I will not recommend the App unless the issue has been solved ASAP!!",a7888312-64d5-44d6-b708-a6d29b168825,Google Play Store,-0.9978498220443726,NEGATIVE
Bank of Abyssinia,1,2025-04-08,i would have given it a lower if it was possible because it crush so much and it take the bank so long to fix the bug,94ef86ef-6437-4c31-96c5-efeb7f32829f,Google Play Store,-0.9996716976165771,NEGATIVE
Bank of Abyssinia,1,2024-09-26,This app is incredibly frustrating to use. It‚Äôs filled with issues that make it difficult to navigate and complete tasks efficiently. I‚Äôve never encountered such a poorly designed banking application before. It needs significant improvements to enhance user experience. It deserves a vey low rating.,180bed10-eda6-4491-84cf-93d55ff8d92c,Google Play Store,-0.998582124710083,NEGATIVE
Bank of Abyssinia,1,2024-05-04,"The version 24.04.26 is not opening on any of my devices. I noticed this issue on my friend's Android 9 phone and also on my Samsung Android 12 phone. Even after weekly updates, the newest version is not working properly. Please provide a stable version update, as I prefer the older version of the app from the new one.",c7640934-b677-425d-acdf-26fd1560e10e,Google Play Store,-0.9987725615501404,NEGATIVE
Bank of Abyssinia,1,2024-04-21,"So BoA, your last application was horrible and buggy. And we thought ""finally!! a functional new app with better UI."" But It didn't last long, a non existent connection error at login.... Please just fix your app to the simplest functional form and it would be up to your other service standards.",cf142536-5be5-4353-b2e2-359e4b4622ae,Google Play Store,-0.9980742931365967,NEGATIVE
Bank of Abyssinia,1,2024-05-02,OMG this is like the worst mobile banking app ever. I have many different mobile banking app from different banks but this is the worst so far. It says it has connection issue when I have wifi or data connection and while I'm using other social media apps. It keeps asking me for update once like every week and takes forever to load like I have to wait at least 10 minutes to login and another 10 min to see my balance.,c78f1ddc-5a45-4a99-b001-d1541be9fea4,Google Play Store,-0.9997661709785461,NEGATIVE
Bank of Abyssinia,1,2024-02-14,"Was working fine for 2 days then Error the request was not successful please check your connectivity or try again my connection works perfectly i reinstalled the app called support multiple times all of them said it's a system problem be patient it has been a week since then, called again they even dared to say the problem is your phone restart it which i did but still the same other banking apps work perfectly but this my experience with this app, horrible the whole system is bad",ba55af7b-4023-4862-ba6f-9f2ac3b681b7,Google Play Store,-0.9992081522941589,NEGATIVE
Bank of Abyssinia,5,2024-01-18,"This is a much better app from BOA, easy to activate with ATM credit info, that helps someone like myself who already forgots previous PIN No or IB password. Apps runs fast unlike the previous versions. I hope you don't ruin it with unnecessary update. Please notify customers to use this app through their SMS.",243b532d-869b-40a5-931c-a7fec1297cf6,Google Play Store,-0.9921575784683228,NEGATIVE
Bank of Abyssinia,1,2024-02-12,"The app does not work well from abroad, there have been continuous upgrades and updates that are very interruptive and non-responsive. Staff do not have the technical capabilities to support whereas the support number and online support are never available.",a3f239e6-b1c6-4910-8d4d-5db544802d31,Google Play Store,-0.9995705485343933,NEGATIVE
Bank of Abyssinia,1,2024-02-23,This app is not efficient and can't be used for people outside Ethiopia. I am not able to enter back my OTP code into the App screen as it gets frozen and nothing can be done. Also the login screen forces to enter a local cell phone in Ethiopia and a PIN number. Those of us who live abroad are left out. The previous application with BoA Authenitcater was working efficiently and I was also able to login using my LapTop. I recommend the Application to use login user name & email instead of Ph#.,66fafa2a-e28c-44d1-a7ce-dec09bb3c929,Google Play Store,-0.9934360980987549,NEGATIVE
Bank of Abyssinia,1,2024-05-15,"Be careful of using this app to transfer large sums of money. Recently I can't top up my mobile card, can't pay tickets, can't transfer money to Telebirr. The *815# works but what's the use of an app if we're using USSD. It will refund your mobile top up days after failing to top up but I wouldn't want to risk that. I'm a big fan of BoA but I wouldn't recommend this app. üëé",663df513-c514-48fe-9c8f-4d9b244a7bef,Google Play Store,-0.9890459179878235,NEGATIVE
Bank of Abyssinia,1,2024-05-10,"Very poor app. It crashes every time, doesn't load properly, and you can't even buy airtime. The programming is subpar. Please take lessons from other online banking apps. I would give it a zero if I could!!",6856f9cd-42b9-4ec3-879a-d7893bf12b69,Google Play Store,-0.9998053908348083,NEGATIVE
Bank of Abyssinia,2,2024-03-22,"The app doesnot allow to transfer from foreign currency accounts to local currency accounts , it says transaction not allowed , please check it and also it is difficult to activate the app from abroad countries since the otp doesn't reach by sms and it uses email, it doesn't allow manual otp input and the email hardly received , please review your app and make an update !!!",dfbe9aad-91a9-4bc9-8aac-1ecf644d89bc,Google Play Store,-0.9975436329841614,NEGATIVE
Bank of Abyssinia,1,2024-02-13,"When we come to use mobile banking app this app is the WOREST one. Who made this app? Why? im almost forget to use it While the app right infront to my phone. I preffered to go branch office rather than to use it. Let alone for transaction or other service for simple purpose to check my balance i used to call for the bank 'call center' rather than to open for this difficult app. It need high speed internet service, it stop service for simple interuption of the network, after transfer the 1/2",d0445199-84e3-493e-8d94-2c6583616901,Google Play Store,-0.9986769556999207,NEGATIVE
Bank of Abyssinia,3,2024-02-03,"Please add an option to manually input the OTP. I am residing outside of Ethiopia. I encountered difficulty accessing my account following the recent update (change) of your mobile banking app. Unfortunately, I am unable to activate the app on my mobile device. During the activation process, the app prompts for an OTP, which I can receive via Telegram. However, there is no option to manually input the OTP. I kindly request your assistance in resolving this matter and activating my account",b95b5757-59e6-4147-9c90-c5bb787386c6,Google Play Store,-0.997613787651062,NEGATIVE
Bank of Abyssinia,1,2024-06-26,"It's been two months now, I cannot do any transaction using this app. It's really disappointing. I am using bank of Abyssinia currently because it's the nearest bank to my work place. The bank is turning to the worst bank in the country day by day. They always respond to customers that they are updating their system all year long, I think that's what they train their customer service operators to do.",f0fe277f-65c1-461c-afad-8cd40c6ab368,Google Play Store,-0.9996359348297119,NEGATIVE
Bank of Abyssinia,1,2024-05-31,"The worst mobile banking app! It doesn't load (seems like with the perfect WiFi and data connection it still manages to have network issues), when you finally get into the app, it makes it so hard more than it should be to send money.",d9506985-4b35-431f-81f7-f9388ddb14d2,Google Play Store,-0.9996273517608643,NEGATIVE
Bank of Abyssinia,1,2024-05-21,"Playstore need to have some option to give 0 stars because this application right here, deserve exactly that, imagine being one of the biggest banks In the country and can't manage to have good mobile application in the Era of mobile money, you guys are in the brink of collapse you better make it right real quick or you gonna be 10 meters down to the grave. DON'T USE THIS APP, IT'S WASTE OF TIME.",322c12e9-1e9a-4609-b4c0-3ef5f78ff589,Google Play Store,-0.9993355870246887,NEGATIVE
Bank of Abyssinia,3,2025-04-20,"the app isn't working after it asked me the password it starts loading, but it doesn't open",8a4d9c01-9e5a-4732-a8ab-9341930b30c8,Google Play Store,-0.9997255206108093,NEGATIVE
Bank of Abyssinia,1,2025-03-29,"It can't actively on initialization, it says incorrect OTP getting the exact OTP",e52a6ccb-dc16-472c-84ef-2969c08a9318,Google Play Store,-0.9996182918548584,NEGATIVE
Bank of Abyssinia,1,2024-04-13,"The updated version of this app is just time wasting. It doesn't work with 2G/3G network.require log in frequently,not fast as much as possible.automatic log out are the bad features of this app",8bbe29d8-ec75-4ffb-9b2d-fe22c62b1182,Google Play Store,-0.9997401833534241,NEGATIVE
Bank of Abyssinia,1,2024-12-06,Very unprofessional and mischievous bank in my opinion. I have had several occasions but recently I used Abyssinia Card to withdraw money and it was deducted from my account but despite reporting several times they said they are processing it but I learned yesterday that since it has been 3 months the bank has decided to include it in their income. How absurd. If you can avoid this bank.,9815bb8a-2108-49fe-8292-fb360aed8331,Google Play Store,-0.9941067695617676,NEGATIVE
Bank of Abyssinia,1,2024-02-16,"This is terrible app. What the hell is your problem. Passwords can't be entered manually. I'm abroad. I don't have my Ethiopian Sim. I'm receiving the activation code via telegram. But you locked the system not to accept the activation OTP manually. Hence, I can't see my accounts, I can't make transactions etc.... how can you not think of this in advance.... now I'm in a terrible situation. I can't know what is going on with my account. WOULD YOU FIX IT NOW.... NOT TOMORROW or THE DAY AFTER...",14339503-d7a7-475c-bd75-f4240eee990c,Google Play Store,-0.9994161128997803,NEGATIVE
Bank of Abyssinia,1,2024-04-30,"This app is trash, it's not working for the past 3-4 days. I've to go to the bank to send money to other banks. Plus the app keeps crashing since the last update. BOA as a bank is deteriorating! This has to change.",5491d730-4219-44e7-804f-3089aa98f554,Google Play Store,-0.9997557997703552,NEGATIVE
Bank of Abyssinia,1,2024-03-01,"The worst mobile banking app ever!!! I have tried to transfer 25,000 from my BOA account to my CBE and it still hasn't reached my CBE account yet. When I tried contacting customer support they just tell me it's a problem with the system. I have waited 48 hours and I still haven't received my money. Bank of Abyssinia the worst bank and system, I don't recommend this app or bank to anyone.",6aba852c-18d6-4a41-a154-74c6184959ad,Google Play Store,-0.9997801184654236,NEGATIVE
Bank of Abyssinia,1,2024-12-10,It has been a while since you guys started giving the mobile app service but still couldn't get it to work. I'm sure you know that it doesn't work already but not sure if you're lazy or incompetent to fix it. You are losing business because of this. Complacency will have consequences.,2795b1e3-ccdc-4b4a-8c25-cd4c6cc0d2ba,Google Play Store,-0.9997615218162537,NEGATIVE
Bank of Abyssinia,1,2024-07-12,"This is the most stupid app I've seen, why would I turn off developer mode just because you can't make your app secure, this clearly indicates the app has very poor implementation and unskilled developers.. There are a lot of people who need developer option for different reasons. Please for the sake of the bank, fix this thing... Even the most secure international banking apps don't require it. Not to mention the lag and crashes",db0f8d24-804c-4cf2-8a36-f1f68b6bd616,Google Play Store,-0.9997655749320984,NEGATIVE
Bank of Abyssinia,1,2024-07-04,"The app is essentially unusable, it asks to disable developer mode even when it is already disabled and crashes, sometimes it only works with wifi and sometimes only with data, or it crashes just because.......",53214d92-a487-43cb-b69d-b65294b40823,Google Play Store,-0.9995259046554565,NEGATIVE
Bank of Abyssinia,1,2024-08-07,"This app takes too long time to be opened. And even it is not working simply as other banks application. Why this app does not give a digital invoice. Even, I am not able to find where the screeshot is kept after transaction. So, please the developer should fix all these.",9151c064-a00f-4efc-ad7a-1f632401b194,Google Play Store,-0.9987001419067383,NEGATIVE
Bank of Abyssinia,1,2024-04-23,"I've never seen a very worst mobile banking system like this, i lost 37000 birr because of your delay transaction system, i called 8397 and they told me stay for confirmation but, after i changed my mind and waiting for confirmation call to cancel the process they sent it with out my approval, so please don't use the mobile banking system please",d587332b-4722-427d-aa23-47df325f4f55,Google Play Store,-0.9995245933532715,NEGATIVE
Bank of Abyssinia,1,2024-09-15,"BOA is unreasonably holding and delaying transactions for more than a day, even transactions within the same bank itself. This is a huge gap that I observed in BOA mobile banking. I didn't experience this kind of challenge while having transactions in other banks' mobile banking platforms. After waiting so long, I called your customer support team and the response they gave me was ""it was the system that holds the transaction & will be released on working days"". This is not totally fair.",a8423c57-d734-4ebf-9dda-4f4dd43091ec,Google Play Store,-0.9993953704833984,NEGATIVE
Bank of Abyssinia,1,2025-04-23,Bad app . it stuck when you open and noting WORKS.,dbd9dbf2-47ee-4103-8631-cd0ef79f4344,Google Play Store,-0.9995198249816895,NEGATIVE
Bank of Abyssinia,1,2024-04-24,"Installed the latest version of this app on my Android 14 device, but it is not working. I have already received the activation key from your branch (via SMS), but couldn't activate it. It is a failed app. I bet you don't have QA testers.",7fd70a5c-3336-4c74-b321-622b29e5d371,Google Play Store,-0.9996954202651978,NEGATIVE
Bank of Abyssinia,1,2025-03-21,i have went to the bank so many times because i couldn't make any transaction i can only see my balance nothing else so what is the point of having mobile banking if i can't make any transaction with it please work in that,6b5a5455-dcd0-4a2a-8cbb-f0deb5706498,Google Play Store,-0.9988333582878113,NEGATIVE
Bank of Abyssinia,1,2024-02-13,"Worst App it ain't allowing yo activate not even in the nearest branch are able to activate it. I have been client of the bank for 10years. What is this BoA? As we know it being a leading in simplifying banking service this App needs to be fixed. Then we will give it better rate,",0392e082-49c5-4493-a4ca-14430e890d1b,Google Play Store,-0.9996511936187744,NEGATIVE
Bank of Abyssinia,3,2024-02-15,"Great graphics, but why my music have to stop when I open this app? Make it make sense. But overall, it's good, but also needs too much data just to load this app. We might need a lite version of this.",821887b9-da34-47e7-9eab-d9559813d40e,Google Play Store,-0.996291995048523,NEGATIVE
Bank of Abyssinia,1,2024-06-27,"the app used to run fine, but now it takes like forever to even open the main dashboard and sometimes it just crashes on its own. you guys gotta step it up. we need this app to be way faster",dc201a15-30b2-4d8b-8754-0ecc2db8130b,Google Play Store,-0.9726090431213379,NEGATIVE
Bank of Abyssinia,1,2024-07-11,The app keeps crashing it stops responding while I'm using it or trying to open the app. Now I have to go to the bank in person to do any banking activities. In short it is the worst mobile banking system in Ethiopia,94d435e8-8e1a-43e6-8a3c-bd755d66064e,Google Play Store,-0.9997914433479309,NEGATIVE
Bank of Abyssinia,1,2024-03-22,I have nothing against your service but your App!!!!??? When will it ever work? Why do you keep changing the interface whenever there is an update? The most unreadable annoying app.,e4f460a1-24e4-48c8-8a36-477f91417816,Google Play Store,-0.9995490908622742,NEGATIVE
Bank of Abyssinia,1,2024-07-04,"I can't believe in this day and age, one of the major banks of the country can't seem to understand that having a working mobile payment option is a **MUST** to survive. I have decided to move my accounts to CBE and Awash because of this. Can't be bothered with this useless app.",1bdac495-0844-4896-b693-213485aad561,Google Play Store,-0.9974097609519958,NEGATIVE
Bank of Abyssinia,1,2024-06-06,I'm disappointed with the recent changes to this app. Disabling developer options for functionality seems unnecessary. The previous version offered a more user-friendly experience.,a434370c-550c-4ae9-adcb-7a02aea1c130,Google Play Store,-0.9997298121452332,NEGATIVE
Bank of Abyssinia,1,2024-05-20,It's just terrible. It kept crashing in middle of transaction. Hell sometimes it won't open. My phone is stock Android (pixel 8) and I don't even know how this happens. Fix it!,d8c26573-6298-42ad-b768-d2981e2ec79b,Google Play Store,-0.9996610879898071,NEGATIVE
Bank of Abyssinia,5,2024-02-20,"Its nice platform when i compare with the previous version! But, when i try to use mobile banking the app states use the updated one! As it orders, i updated BOA from playstore, when i try to use mobile banking on the following day the same thing-update from the playstore!!!!",27614b2a-f8e3-48d6-8cb2-9a83c03e36a3,Google Play Store,-0.9963669776916504,NEGATIVE
Bank of Abyssinia,1,2024-11-28,This application is losing major factions on a daily basis. I can count how many times I have used this app; it is completely useless and disappointing if I am not going to use it in times of need then I don't see the point.,1756e606-985f-44eb-bab4-95bcf0848416,Google Play Store,-0.9997996687889099,NEGATIVE
Bank of Abyssinia,1,2024-06-10,"Unreliable, expensive service. Most of the time, it is not working. Sometimes, it will take more than a day to complete transactions and charges more for this unworthy service. I will not recommend this bank app to anyone.",f2fac0e0-abfb-4625-8443-a49953389605,Google Play Store,-0.9994435906410217,NEGATIVE
Bank of Abyssinia,3,2025-03-11,"Decent, but there problems sometimes it says error When i transfer money but infact it transferred because of this bug i transferred 2 times instead of 1 and also we can't transfer money to others telebirr acc we only can to our self BOE Dev fix this !!!",0e5e093a-1cf1-4c49-87ed-046888b8afa9,Google Play Store,-0.9974843263626099,NEGATIVE
Bank of Abyssinia,1,2025-03-06,Worst mobile banking app I ever experienced I was blaming other apps but comparing with this they're too much better!!!! It clashes it takes much longer time to login while loading in short it's a complete of trash,1962d1c4-e2c2-4ac7-91b6-b0a75ae11d7a,Google Play Store,-0.9997013211250305,NEGATIVE
Bank of Abyssinia,1,2024-12-27,Why is not letting me access my account. The whole point of this app is for me to gey access to my account without physically being at the bank. I would give it a zero but a one will suffice to get my point accross.,2d52d1a5-525c-4655-b858-e8d0d2e20bc2,Google Play Store,-0.7652342915534973,NEGATIVE
Bank of Abyssinia,1,2025-02-15,"please add language in the apps setting(amharic afan oromo, tigniya,and others) sometimes bank to bank transfer is not available through time and even if if it is available not reachable‚Ä¶it is serious issue!",25b7eec9-d1ef-41be-8bb3-3fd1b1cb8068,Google Play Store,-0.9992678761482239,NEGATIVE
Bank of Abyssinia,1,2025-03-03,"I downloaded the app for the first time while reading other customers reviews and as soon as i installed and opened the app it closes back automatically, what unserious bank, now i uninstalled the app immediately",49b877c9-5536-4be5-8674-e3ae975fa0ed,Google Play Store,-0.9916398525238037,NEGATIVE
Bank of Abyssinia,1,2024-07-19,The App is not working on Android 9.1 at all. It shows an error notification and forcefully closes the app. Must be fixed ASAP.,481a1e89-df8b-43d4-9bf7-aa4a5cd196f5,Google Play Store,-0.9997739195823669,NEGATIVE
Bank of Abyssinia,3,2024-02-06,I am having a challenge to use the app. The app does not allow to update the previous app. Neither does it allow to manually insert OTP - BoA please modify the app to allow these features,d1f72257-e5c2-4da7-ab88-1bf64322de8a,Google Play Store,-0.9988692402839661,NEGATIVE
Bank of Abyssinia,1,2025-04-01,it doesn't work period z slowest mobile banking ever i would rather use *815#,6eec96bf-b4c9-4dde-9814-059cf54b3f86,Google Play Store,-0.9990907907485962,NEGATIVE
Bank of Abyssinia,5,2024-01-27,"This app is way better than both Apollo and the old mobile banking app. It's super easy to use and loads really fast. If you already have boa mobile banking before, activating it is a piece of cake. Great job on making such an awesome app ‚Äì keep it up !",d1db8100-c3db-4123-a13d-b2c111104f34,Google Play Store,0.999708354473114,POSITIVE
Bank of Abyssinia,1,2024-03-23,Worst app ever previous version was way better than this version after I activated my mobile banking app it says account not found but I'm their system my IB customer does work fine please fix your bugs and test it before you release it I have visit and report many branches and head quarter but they can't fix the problem,881841d6-eb17-46a9-9975-60090151aa37,Google Play Store,-0.9954324960708618,NEGATIVE
Bank of Abyssinia,1,2024-03-02,I don't know why they roll out new updates without making sure it works! Why???? Do they need to update to a new staff? Perhaps pay for a better network?? Mindenew? I don't know there always a problem with this app.,ffe4b898-4efa-4a93-bf70-dd405f3edde4,Google Play Store,-0.9995311498641968,NEGATIVE
Bank of Abyssinia,1,2024-08-20,"The application used to work well. But after updates I'm not able to use the forgot password feature, which is blocking me from accessing it as a whole.",13cb3aad-a536-447c-8e30-2d7eaedcf5e4,Google Play Store,-0.9988825917243958,NEGATIVE
Bank of Abyssinia,1,2024-04-21,"It has good backgroud and simple. But keeps saying no conectivty , login, Close immediately you made it porly not woriking on stable network!!!",0eee74b6-043c-4004-9db6-1f923ecfa564,Google Play Store,-0.7382308840751648,NEGATIVE
Bank of Abyssinia,2,2024-04-22,"By far the nicest looking app by an Ethiopian Bank. But it's functionality is weak. It is full of Transaction error, Function Error. Kudos, but it needs more backend work.",b12b3e39-f4c6-48bf-86bd-e50202d37452,Google Play Store,-0.9993565678596497,NEGATIVE
Bank of Abyssinia,2,2024-04-18,A lot of the app's features have been rearranged but sometimes it works sometimes it doesnt...and that makes it less reliable specially at times of need...pls improve it,4266eaeb-37b0-4cc4-8b8a-2929e01e4f2f,Google Play Store,-0.9991328120231628,NEGATIVE
Bank of Abyssinia,1,2024-05-18,This app is the most worst app I used in Ethiopia and belive me I know I live in Ethiopia. Being the fincial app It doesn't work when you want it. It makes you wait for cash out code and immediately debit the amount before sending the code I have got to say abysinia bank I didn't expect this from you and I use CBE mobile banking,5b6eabc7-30fd-4b72-ba91-8acb7763f48b,Google Play Store,-0.9997337460517883,NEGATIVE
Bank of Abyssinia,1,2024-08-28,Hi I have problem with this App BOA mobile I don't know what is wrong with this App I did many times download but it's sam doesn't work if sam like that this app way I have to be customer with them how I know my account and checking save The book is no Not enough alone,8d23e22a-989a-44bb-81bf-3f34c868d3de,Google Play Store,-0.999367892742157,NEGATIVE
Bank of Abyssinia,3,2024-05-11,The app has bugs. Signing in is still a challenge. Transfer to another bank is impossible. The app is slow and bland.,2ed20bd2-3a87-458d-8757-635f698d0e6d,Google Play Store,-0.999795138835907,NEGATIVE
Bank of Abyssinia,1,2024-05-24,Sorry to say this compared to other banks mobile app its the worest it need more improvement the app doesn't match the bank standard it need more update its too slow plus it keep saying stop developing option on your phone when no developing setting enabled ??plus when it come to recent transaction nothing to display...,cdba46f4-4ab0-43ec-8d9a-e695cd895794,Google Play Store,-0.9994317889213562,NEGATIVE
Bank of Abyssinia,1,2024-05-11,My advice for whoever reading is go look for other bank(awash bank is a great example). This bank won't even allow you to access your money when you want. It has bad servers which don't work(respond) on time.,d2509015-b677-4dbc-ae07-99e399be5ebf,Google Play Store,-0.9994551539421082,NEGATIVE
Bank of Abyssinia,2,2024-05-01,It was working good before the last update but after the update it asks to disable developer option. why is that? That means any developer with developer option enabled can't access his account. It crushs a lot of times.,872b3daf-6c3e-43e9-a7cf-ba1199c25010,Google Play Store,-0.9993207454681396,NEGATIVE
Bank of Abyssinia,1,2024-05-01,"The app is terrible, nothing functions properly. Especially since the latest update, it crashes all the time.",ac808508-e45d-425f-9fd9-49c6eecdb46f,Google Play Store,-0.9998101592063904,NEGATIVE
Bank of Abyssinia,1,2024-05-02,"After last update, the app keeps crashing, not working. Pls fix it. Mobile transactions become impossible.",c3c57420-55b1-4d02-956b-cbdc55b33e41,Google Play Store,-0.999652624130249,NEGATIVE
Bank of Abyssinia,1,2024-09-11,"It say ""The request was not successful. please check device connectivity or try again"" why? One of the bank manager told me it is because of my phone's android version which is 9.1 It is ridiculous! Disappointing",1e10c54c-f676-477c-9a7b-bb0aba1aeb9e,Google Play Store,-0.9997968077659607,NEGATIVE
Bank of Abyssinia,1,2024-05-01,"Slow login, crashes frequently, annoying app ever. Since you updated this app, it's been extremely unhelpful.",3a07b9bf-de50-41a0-a880-d8956c350036,Google Play Store,-0.9993731379508972,NEGATIVE
Bank of Abyssinia,1,2024-05-02,"I don't know why every time you come up with a new update the app get worst than the oldest, it is taking more time to load, can load money to telebirr, can't pay awach. Please try to fix it.",98205344-768d-4132-bc7a-3c86650c6db1,Google Play Store,-0.999539852142334,NEGATIVE
Bank of Abyssinia,3,2024-04-30,The latest update has a bug it keeps crashing. Please fix it it's so inconvenient to do our business this way. That or we will switch to other banks,78e8871b-9992-401f-a928-98f5bfd7bb16,Google Play Store,-0.999640703201294,NEGATIVE
Bank of Abyssinia,1,2024-08-08,"A total disaster of an app. Always offline, never works, it's embarassing. I've lost hope and taken my business to a competitor",98b97eb6-5299-43f7-a372-45b0a486318b,Google Play Store,-0.9998038411140442,NEGATIVE
Bank of Abyssinia,1,2024-05-06,"""I am extremely disappointed with the poor service I have received. It is unacceptable that I cannot make transactions of 30,000 Birr and sometimes my money gets stuck in the air. As a result of your incompetence, I have been forced to change my bank account. This level of service is completely unacceptable and needs to be rectified immediately.""",005d202c-1b73-435b-b0a4-888e815972f6,Google Play Store,-0.9997608065605164,NEGATIVE
Bank of Abyssinia,1,2024-08-07,"Worst app ever, not user friendly, even doesn't serve basic functionality correctly, takes to much time to login and navigate through the app, we expected more from this bank",85a692a1-c9ed-4525-a373-8756f3b9724a,Google Play Store,-0.9998094439506531,NEGATIVE
Bank of Abyssinia,3,2024-08-12,"Despite the enhanced technology you have, the application doesn't work properly, and it asks for the developer option to be turned off, fix that.",6e039674-a668-43a6-8d89-201a4c32000e,Google Play Store,-0.9997915625572205,NEGATIVE
Bank of Abyssinia,4,2024-05-03,I prefer the earlier version. This updated app crushes during login and says there is bug. Please fix the bug issue.,4fef53fb-1b5d-4262-b097-1436650e85b4,Google Play Store,-0.9993138313293457,NEGATIVE
Bank of Abyssinia,5,2024-03-02,"Its amazing and easy to use , but from these two past days it crashes and tells me ""there is not enough connectivity"" while my internet was good enough , and i can't open it anymore !! Fix this proplem ASAP.",d02b75ee-2f90-4c29-a169-b21045b50827,Google Play Store,-0.9995220899581909,NEGATIVE
Bank of Abyssinia,1,2024-07-23,It usually crashes and the reason it gives is a problem on internet connection although the internet was fine.,b6e1b58d-d5d6-4134-b837-32c4833850ae,Google Play Store,-0.9991043210029602,NEGATIVE
Bank of Abyssinia,2,2024-04-21,"It was working fine a couple of days ago, in the utilities section of payment it only provides a few services but that is OK for now but my issue is it has started crashing down these past 2 days",0064eed9-e5be-4a49-a552-8ad9189579b3,Google Play Store,-0.9992096424102783,NEGATIVE
Bank of Abyssinia,1,2024-07-31,The app does not open sometimes it says coonection issue which i dont have and after it opens it has bugs while using its not smooth to work with please improve it,1d426479-7c59-42d4-b349-7bc3afaf374e,Google Play Store,-0.9953023195266724,NEGATIVE
Bank of Abyssinia,4,2024-10-04,Overall good app but performance needs some improvement also sometimes when using instant other bank transfers it refuses causing to be repeated several times to transfer,ac7391a6-712b-424c-970d-6dba1a0dd845,Google Play Store,-0.9532791972160339,NEGATIVE
Bank of Abyssinia,2,2024-04-28,I love boa but the mobile app isn't as good as the older version when the app gets update it gets worse and worse it doesn't even work..fix the issue with that,cb36493e-3bbd-476c-82a6-88278d2ea490,Google Play Store,-0.9996931552886963,NEGATIVE
Bank of Abyssinia,1,2024-11-17,"The worst app update ever. Why would you include the ""developer option off"" thing here? Why do you care? It is my phone my money, right? That is the reason why I switched to other banks. So either turn it off or everyone will discontinue their business one by one.",3d362e0c-4c39-498b-8b61-b52226effacd,Google Play Store,-0.9998020529747009,NEGATIVE
Bank of Abyssinia,1,2024-04-30,"I never ever seen the worst commercial app like this in my life , it does not work anything , i donot know how the IT Team of the bank tested and launch the app. Its annoying !",68104af7-50d8-4340-b657-d94b6b993573,Google Play Store,-0.9997454285621643,NEGATIVE
Bank of Abyssinia,1,2024-05-09,"I am an app developer, I need to keep developer options on... WHY ARE YOU ASKING ME TO TURN DEVELOPER OPTIONS OFF... why is it that Abyssinia is the only damned bank in Ethiopia that just can't seem to buld an app that works... it's not that hard people, just look at CBE... this is simply terrible, borderline unusable!",f001bc11-3899-462e-8416-919d4f8b575d,Google Play Store,-0.9993929862976074,NEGATIVE
Bank of Abyssinia,3,2024-02-04,"One of the weakness in BOA is it's mobile App. I hope this will address some of them, but it is very critical to work on modernizing and ensuring the security of it's mobile banking system in this digitalized world",8e9bcb5d-012f-4969-bb6f-c5a715e31318,Google Play Store,-0.9934157133102417,NEGATIVE
Bank of Abyssinia,5,2024-02-05,"Simple, fast and easy to use. I had bad experience on apollo and the older version of this app is too slow.",d99c1e28-22e9-488e-b561-861e8282b60a,Google Play Store,-0.9984558820724487,NEGATIVE
Bank of Abyssinia,5,2024-02-03,I don't have words for your great work.. Really Good .what i like the most is the screenshots features is included which gives you the transactions detail ...Great Work...KEEP IT UP !!??,7e629e12-154b-4482-a805-90bf721f5011,Google Play Store,0.9949223399162292,POSITIVE
Bank of Abyssinia,3,2024-02-16,So this updated version is so much better and faster but it doesn't open unless it's directly opened from play store. fix this issue I'd give it 5 if it wasn't for this,e8e30cda-3c44-4a11-93cb-89f93fcc4e95,Google Play Store,-0.998803973197937,NEGATIVE
Bank of Abyssinia,3,2024-02-11,"I sm a big fan of BOA , but the mobile banking is so trashy( sorry but its the best word to discribe it).... please buy a good server ....it always show blank age after login slecially on sundays it does not work at all...the new update has a good UI but has same respose problem ....",b5ed4d5f-b0f7-4ef4-9b2f-3b12b1f2f50c,Google Play Store,-0.9976029992103577,NEGATIVE
Bank of Abyssinia,1,2024-04-24,"BOA app was one of my favourite back in the days, now I don't if there is an app worsen that this.. very very bad. You need to fix it or remove it.",e9336bcf-b836-4e42-9d5a-f5999513effa,Google Play Store,-0.9997431635856628,NEGATIVE
Bank of Abyssinia,2,2024-05-14,Hate how we're expected to disable 'Developer Options' everytime we open the app. An unnecessary point of friction that's been put in place in the guise of security.,123f1456-c770-45aa-b5a7-d5491958f2c0,Google Play Store,-0.9997732043266296,NEGATIVE
Bank of Abyssinia,1,2024-05-03,"Dear BOA, Are you sure you are upgrading your application. It is becoming worse and worse. Please fix the bug as quickly as possible.",9a4768a8-faca-4f72-92cc-4194d7bce0e3,Google Play Store,-0.9997113347053528,NEGATIVE
Bank of Abyssinia,1,2024-04-21,"The app is a total waste of time, it glitches, doesn't log in fast, super slow.",aaa1abe6-69f5-4150-9072-0b456c58efb8,Google Play Store,-0.9996176958084106,NEGATIVE
Bank of Abyssinia,5,2024-02-24,"It's a quiet good and smoothly accessible app which allows users to transfer , Airtime Top-up, ATM withdrawal and Utilities payments.",1fcdba36-6e83-434b-8676-66304e004a60,Google Play Store,0.9997918009757996,POSITIVE
Bank of Abyssinia,1,2025-03-10,"The bug is still there,the app crashes every time i try to log in, especially in old phones like my Galaxy A32",c9f8ff21-b8d1-400f-bb94-c98399a25ad5,Google Play Store,-0.9994600415229797,NEGATIVE
Bank of Abyssinia,1,2024-12-19,"I love BoA more than anyone but they are cursed when it comed to mobile banking. Even though this ine is hetter it still s*cks! It will ask me to turn off developer options other wise it won't work! I use CBE, Awash birr, tekebirr, Dashen bank and others but non of them asked me this, why only BoA? Please improve your mobile banking, be competitive!",f467c327-ab9b-4e79-8d97-2e1b573f6c98,Google Play Store,-0.9967040419578552,NEGATIVE
Bank of Abyssinia,3,2024-05-03,"Was working ok.but it started not displaying banks list to choose from, and it needs updating every couple of days, annoying",a7249a34-f5f8-455e-8f33-7a1acc03ce90,Google Play Store,-0.999055802822113,NEGATIVE
Bank of Abyssinia,1,2025-03-30,this version is not working for me I cannot even buy card. I cannot send money,e9072e9a-76dc-49d1-b423-cb64c4656802,Google Play Store,-0.9995684027671814,NEGATIVE
Bank of Abyssinia,2,2025-04-04,after i typed in my password it says successfully logged out ...and goes back to the first page,b3a22053-e2b9-47e6-8083-a2e73a7c6bed,Google Play Store,-0.5856848359107971,NEGATIVE
Bank of Abyssinia,1,2025-04-06,it's not work correctly... you must have update it,b10d3c9a-d5c8-422c-9bca-82a40310fb5c,Google Play Store,-0.9998013377189636,NEGATIVE
Bank of Abyssinia,3,2025-04-04,good but they don't update enough don't add new things,53263f41-9dd6-4165-a24a-a41fda4c390c,Google Play Store,-0.9693678617477417,NEGATIVE
Bank of Abyssinia,3,2025-06-05,it's not working,937102c6-ae88-419c-994b-80e520faacb8,Google Play Store,-0.9997857213020325,NEGATIVE
Bank of Abyssinia,1,2025-06-01,this is worest app 24/7 loading,2ca9480b-ff5f-4b59-952c-5921db83dab2,Google Play Store,-0.9934743046760559,NEGATIVE
Bank of Abyssinia,1,2025-05-24,the app crush frequently,76089146-b1c7-47f4-ab9f-44b6a1092225,Google Play Store,-0.998525083065033,NEGATIVE
Bank of Abyssinia,1,2024-05-17,"Absolutely the worst mobile banking app.it crashs every time,problem when logging in and and cuts my balance when top up without even recharging",1d71b9e5-39e0-4a6b-a6f3-eb0d34c6f007,Google Play Store,-0.9997944235801697,NEGATIVE
Bank of Abyssinia,1,2025-05-27,"this app, for me , is a waste of time. It doesn't work . I can't even long in, and it really piss me off. FIX THE PROBLEM",c3f2810d-cf99-4600-90ac-bef47adb9e7a,Google Play Store,-0.9998049139976501,NEGATIVE
Bank of Abyssinia,5,2025-05-07,liking this application good üëç,857bb685-6f7e-4db0-af37-eb2f1c1c6fd3,Google Play Store,0.9996829032897949,POSITIVE
Bank of Abyssinia,1,2025-03-31,"after activated the application it not allowed to sign , automatically it is turn off In my phone, why ?",1197ad29-5063-4999-888c-589582754caa,Google Play Store,-0.9973751306533813,NEGATIVE
Bank of Abyssinia,1,2025-05-11,"this app does no work on Samsung a51, it just gives a preview of the logo",b640cc87-df88-4b6b-9b9f-13fe0bdd5dfa,Google Play Store,-0.9992283582687378,NEGATIVE
Bank of Abyssinia,1,2024-02-21,It is very bad app. not friendly usable. needs extremely strong network. Can't be updated easily.,83270146-a02f-4b96-a30e-f056b6b2acc5,Google Play Store,-0.9997742772102356,NEGATIVE
Bank of Abyssinia,5,2024-03-14,"It was a very nice app and was exemplary to other banks, but I am experiencing difficulties in transfering transactions and thinking to leave Abyssinia? What would you advise me. ·ãà·å£ ·ãà·å£·äì ·àÜ·äê·ä•·äÆ ·äê·åà·à©·ç¢",1c4b07f2-e2ce-4531-8d1b-04dd4c2f2351,Google Play Store,-0.9917178153991699,NEGATIVE
Bank of Abyssinia,5,2024-07-09,"Pretty good for a banking app, it still lacks some things with in the ui and with the speed of the app but overall it's a good application. Thank you 5/5üëçüèª",9d157253-6414-46f1-a2f3-0867fbd3f25d,Google Play Store,0.9995549321174622,POSITIVE
Bank of Abyssinia,1,2024-09-06,"Shockingly bad! Even when it decides to work, it's painfully slow and frustrating. Such a shame that it has become a stain on an extraordinary bank",83311c04-cd01-496c-b382-2caaa5132819,Google Play Store,-0.9997275471687317,NEGATIVE
Bank of Abyssinia,3,2024-10-27,Has some nice interface but always freezes or slow to load .App developers please fix this issue.,169b6d5b-b5df-4a42-9168-ce968142da5b,Google Play Store,-0.993607759475708,NEGATIVE
Bank of Abyssinia,1,2024-07-18,"Worst app. It is wise to invest money and you can make it like CBE app. Even the incon has no image. My app has better UI than yours. So, please invest more and hire professional developer companies and improve it.",29aa3b3c-e4c7-41c7-bbb1-5d514633c307,Google Play Store,-0.9994294047355652,NEGATIVE
Bank of Abyssinia,1,2024-04-30,App needs a lot of work. It continuously crashes and shuts down.,aabe78f9-ca3d-4512-a1bc-68ff67518b8d,Google Play Store,-0.9994617104530334,NEGATIVE
Bank of Abyssinia,1,2024-06-03,Wow! what a disgrace for BOA. The app barely works. Too slow and always returns error.,0ce9923a-bcad-4b3a-a73d-2af80ed12dcb,Google Play Store,-0.9997871518135071,NEGATIVE
Bank of Abyssinia,5,2024-01-24,It is really great to see you have solved some of the problems with the previous version. Thank you for taking time to improve.,87154fba-12e2-4d6c-a471-dca084f7febf,Google Play Store,0.9998124241828918,POSITIVE
Bank of Abyssinia,5,2024-01-18,"Like I said before, the previous version was horrendous! I'm glad that you took time and decided to develop this awesome app. Well done!",3d87e290-18b1-465e-8d58-9415ed0c6d14,Google Play Store,0.9992150068283081,POSITIVE
Bank of Abyssinia,1,2024-04-26,"useless app. bank to bank transactions do not work at all, wallet topups like telebirr take hours to reach. what a shame from a bank this big.",0d298d90-e15e-46e4-96af-20741b8d45ed,Google Play Store,-0.9997989535331726,NEGATIVE
Bank of Abyssinia,2,2024-02-20,Definitly better than the privious version but this one crashes frequently and needed to put to sleep on andrioid version 9,d38d6dc0-e707-45a4-a932-0b9bf5df67aa,Google Play Store,-0.9993939399719238,NEGATIVE
Bank of Abyssinia,1,2024-05-01,"why do we need to turn off ""developer options"" in order to use your app, on the new update??? Are we suppose to not use our device for other purposes just so we can use your app? It is not security it is BS. (fix that and I will update my rating)",4cba832b-be6a-42d3-94ff-8446fbcdf1b4,Google Play Store,-0.9993647933006287,NEGATIVE
Bank of Abyssinia,2,2024-04-30,No feature works correctly. Its always buffering and needs probably high data. So its useless üòèüòèüòè,a1d8f400-cdcd-4bae-8ea3-c18d55ac5967,Google Play Store,-0.9997801184654236,NEGATIVE
Bank of Abyssinia,3,2024-03-20,When writing amounts z app cannot insert deceimasl so that one cannot transact amounts involving cents !!! A finnacial app to be released without this feature being checked !!!,b3b60a0b-92ff-4c64-98f7-83f6e2a6ec70,Google Play Store,-0.8702901005744934,NEGATIVE
Bank of Abyssinia,1,2024-10-04,"Stop telling me what to do with my phone, BOA. Why does your newly updated app keep asking me to disable the developer options? I‚Äôm not slowing down my phone just to use your God damn app. ü§Æü§Æü§Æü§Æ",94ba00d0-c2e8-4e21-9e71-af2395f2d0ca,Google Play Store,-0.9964292645454407,NEGATIVE
Bank of Abyssinia,1,2024-11-26,The latest update has stopped android 9 phones not to open this App. Never work properly since i started using it.,5816b056-8f44-4faf-92a4-a28efd01448b,Google Play Store,-0.9997497200965881,NEGATIVE
Bank of Abyssinia,1,2024-04-28,"Why Why Why???? it is difficult to make transactions, it takes alot of time to make payments, i thought the update will make it work, but it got worse. please fix it",15744558-21d7-45fc-9350-705a7961b96e,Google Play Store,-0.9996634721755981,NEGATIVE
Bank of Abyssinia,1,2024-03-01,After the recent update the application keeps crashing when I tried to open. Please fix.,e1cf5832-e81e-4e28-80f5-cbb7173dc54b,Google Play Store,-0.9973648190498352,NEGATIVE
Bank of Abyssinia,1,2024-05-30,"I'm sorry but what kind of stupid developer thinks the app will be faster if we disable ""Developer mode""? I've never seen such degeneracy in my entire life, please get rid of this feature",852e921a-9de5-4396-8537-910cf5896d70,Google Play Store,-0.9996848106384277,NEGATIVE
Bank of Abyssinia,1,2024-07-25,"This app didn't work. They have a new version (new app) but still not compatible with my Samsung S8+ , which is v.funny.",06f1e24f-10fc-461b-862c-180fb9acf4f4,Google Play Store,-0.9991223216056824,NEGATIVE
Bank of Abyssinia,1,2024-06-11,"The worst mob app i have ever seen. Slow, uncomfortable and stupid. It is better to learn from the best app (tele birr). The released updates is even worst.",fecff9eb-a424-47c7-9fc8-e4c0898f2be8,Google Play Store,-0.9997610449790955,NEGATIVE
Bank of Abyssinia,1,2024-08-26,"I'm Sick and tiered of enabling and disabling Developer Option Everytime I use this app. maybe you know it maybe you dont, fix it please it's anoying",8f57afa4-5ed4-4db7-ab84-7b52045fa94e,Google Play Store,-0.9990233182907104,NEGATIVE
Bank of Abyssinia,1,2024-09-13,"Better app than most mobile apps, but why do I have to turn off developer option every time I wanna use the app?? It's annoying.",a597b94a-ed3c-4fa9-a749-a23d54faa49c,Google Play Store,-0.9993253946304321,NEGATIVE
Bank of Abyssinia,5,2024-02-04,I think this one is better than the prvious one much faster but try to make it more faster like nib and cbe specially nib bake their app is very nice but the bank is not anyways good job on this one,485190f3-6c28-4ba9-8be3-f589e99fd8a9,Google Play Store,-0.9988994598388672,NEGATIVE
Bank of Abyssinia,1,2024-04-30,The old version is best. This one is so lagging and it's not fast to quick transfer,cd8d39d0-d8d5-438d-9d87-904ca2c98410,Google Play Store,-0.8973890542984009,NEGATIVE
Bank of Abyssinia,1,2024-04-29,"This new update really sucks.. Can't even get the chance to put my pin, bugs and everything,please fix it developer",34325ef3-c582-4f8b-b625-dbb0a4741af4,Google Play Store,-0.9997047781944275,NEGATIVE
Bank of Abyssinia,1,2024-04-28,"the worst app I have ever used, I could've given 5 star if it worked properly even just for logging in and check my accounts. seemed that's impossible",a002edef-8a3d-4867-a706-9f538a0674ed,Google Play Store,-0.9998034834861755,NEGATIVE
Bank of Abyssinia,1,2024-09-07,"This is not an appropriate app, i don't know how boa develops this app, i don't expect this much crazy and un confortable app form BOA, I'm soory!!!",07b686cc-bf94-4164-a731-684fa29cfb83,Google Play Store,-0.9996864795684814,NEGATIVE
Bank of Abyssinia,1,2024-11-19,"Your app doesn't match your bank, the app is disaster, super slow. Please learn something from tele birr app.",d9c98c7f-3df6-466f-a6fc-820cb281fad1,Google Play Store,-0.9994460940361023,NEGATIVE
Bank of Abyssinia,1,2024-04-25,"I tried it with different phones, it only worked for about a week and then it stopped working. It needs some serious work.",30d3f026-6e12-4489-b166-79a8bf9ed9b7,Google Play Store,-0.9994667172431946,NEGATIVE
Bank of Abyssinia,1,2024-05-03,"The app keeps crashign again and again, i didn't even get to sign in. Worst update!!",fb543429-2845-474a-aab2-95e54028c607,Google Play Store,-0.999796450138092,NEGATIVE
Bank of Abyssinia,4,2024-02-10,"As usual the app is ok, but this time i can't update it normally. It lags at 99% all the time. Hope it's fixable.",5bd5ece1-9221-4e85-9f8e-5595fa3a0755,Google Play Store,-0.989357054233551,NEGATIVE
Bank of Abyssinia,1,2024-06-20,"Riddled with crashes, cant use it anymore. Very frustrating!",efe89d62-85f0-453d-bc34-e71402cb2f09,Google Play Store,-0.9994331002235413,NEGATIVE
Bank of Abyssinia,1,2024-07-23,"It's very difficult to use the user, app,ones dawenload the user can't operate well , no one can help me,",ec8fcf0d-19d7-446f-bd1e-907f91a67b49,Google Play Store,-0.9997815489768982,NEGATIVE
Bank of Abyssinia,1,2024-05-05,"Doesn't work properly, keeps closing won't activate any account, I wouldn't recommend downloading",63a101fb-cc46-41f6-a9cc-c494cb516a50,Google Play Store,-0.9994381070137024,NEGATIVE
Bank of Abyssinia,1,2025-01-18,·â†·å£·àù ·ã®·àö·ã´·àµ·å†·àã ·ä†·çï ·â†·å£·àù ·ã®·ãà·à®·ã∞ ·ãú·àÆ ·äê·ãç ·ã®·àù·à∞·å†·ãç ·ãò·àÆ It's not App it's very slow ehhhh. Why don't you upgrade the app???? It's always zero,6c01b8b7-76b7-4f56-a822-bdf7674d30a0,Google Play Store,-0.9979276657104492,NEGATIVE
Bank of Abyssinia,3,2025-01-07,I was using this app for long time it amazing user friendly UI but the i can't found for get pin button in the app,fb9a7444-76cf-4f2d-a8be-72d3009a034c,Google Play Store,-0.9016597867012024,NEGATIVE
Bank of Abyssinia,1,2025-01-13,It keeps asking me to turn off developer mode even when dev mode is off. Couldn't use it.,1c339143-79e1-4f37-9ea7-398b7844903b,Google Play Store,-0.9985793828964233,NEGATIVE
Bank of Abyssinia,5,2025-03-09,what awesome apps. it is very simple to use and more much important apps.,73ce76e4-b7a2-4ed8-b6fd-f9b388bdb4a6,Google Play Store,0.9998214840888977,POSITIVE
Bank of Abyssinia,3,2025-02-07,Make it easy and convienient to use and perfect for all to high prefrence and choice.,d77a87f6-2a20-4b6b-b7fa-acbb3d19b636,Google Play Store,0.9997236132621765,POSITIVE
Bank of Abyssinia,3,2024-12-16,"Easy and sooo simple to use it, also its easy to stole someones money using the app",b9b684de-8146-46ae-b1fa-8f07272c6fd2,Google Play Store,-0.9888866543769836,NEGATIVE
Bank of Abyssinia,1,2024-11-08,This app is not available on all android versions and some times it is not functional.,10cdcbf6-81ab-4281-8583-665788be8e91,Google Play Store,-0.9997187256813049,NEGATIVE
Bank of Abyssinia,5,2024-02-03,"""The choice for all"" It is interesting app,The old one was time spent to open the app. I am with you BoA.",06b0b75a-3c54-4f86-822f-a84022fe260d,Google Play Store,0.9979369640350342,POSITIVE
Bank of Abyssinia,2,2024-05-10,After recent update the app keeps asking to disable developers options and won't let you use it unless you do.,bd5bf3e9-1b1c-4019-b088-d4a965b8a6b3,Google Play Store,-0.974820613861084,NEGATIVE
Bank of Abyssinia,3,2024-07-24,When I try to use the application it says 'developer setting should be off' where is the setting to off this play Still doesn't work for me,1920d8a2-4e03-4818-8a69-7c17c565ae75,Google Play Store,-0.9998012185096741,NEGATIVE
Bank of Abyssinia,3,2024-02-22,I used to access my Apollo account through the app before the update but now i can't access my Apollo account through this app and for me this is a step taken backwards!!!!!,d466304b-a933-47cd-b217-92a6a7deff41,Google Play Store,-0.9990597367286682,NEGATIVE
Bank of Abyssinia,1,2024-04-20,the new updated app exception handling for connection fluctuations is so exhausting which lead users to login repeated times.,60c1c945-fc5c-4773-90ef-9be586aba2ce,Google Play Store,-0.9997285008430481,NEGATIVE
Bank of Abyssinia,4,2024-09-05,Awesome application. But lately its crashing everytime i opened it.,3283f02f-0474-44ec-b7d6-5e90c94d88d4,Google Play Store,-0.9127689599990845,NEGATIVE
Bank of Abyssinia,1,2024-07-19,Crashes very frequently is not stable overall need improvement such a huge bank needs a better app than the current one,2a2d15cb-06ba-425c-a417-2f020e552505,Google Play Store,-0.999760091304779,NEGATIVE
Bank of Abyssinia,1,2024-05-02,So unreliable i had to send money asap but this app either laggs or doesn't work such a lazy work look at how efficient tele birr is and its not even a bank,eb3a8a93-a465-4992-899f-dbb1bc63fc58,Google Play Store,-0.9988459348678589,NEGATIVE
Bank of Abyssinia,1,2024-05-11,Preventing login because I have developer options on is not security. Moved all my money somewhere else because I just didn't wanna deal with it,3980b4ed-4190-4d89-b8ba-e8bdc3789d31,Google Play Store,-0.9994331002235413,NEGATIVE
Bank of Abyssinia,1,2024-07-31,"This app has become the most troubling every day. It doesn't work. I love the bank, and I hate the app",758affdf-42d5-466d-a18e-4c4bbeb738fd,Google Play Store,-0.9989368319511414,NEGATIVE
Bank of Abyssinia,5,2024-06-13,The poorest mobile banking I have seen in the industry. Is not stable to login and post transactions. Is not attractive. Error reports frequently.,1901236c-37ec-495a-a51a-bc8f471424ce,Google Play Store,-0.9998160004615784,NEGATIVE
Bank of Abyssinia,1,2024-04-12,"This has to be your worst app ever, damm so many bugs and it lags so baddd. Please fix it",93f8ce6e-057d-408e-9856-17dd32defbf9,Google Play Store,-0.9998080134391785,NEGATIVE
Bank of Abyssinia,1,2024-05-02,It keep making me out and crash when i open the app and not working properly,63308cb6-0ae2-4740-afd6-6ef45c6ec630,Google Play Store,-0.9985978007316589,NEGATIVE
Bank of Abyssinia,1,2024-03-04,The worst mobile banking app like the previous one. How long it would take for BOA to develop a good app?????? Years or decades?,8e591a54-f305-4788-a38b-56b2293a2b77,Google Play Store,-0.9998072981834412,NEGATIVE
Bank of Abyssinia,1,2024-02-26,Overrated service and recently glitching service system not being able to withdraw funds.,4c435948-feb8-4692-9f0d-3f864a03abbb,Google Play Store,0.9889348149299622,POSITIVE
Bank of Abyssinia,3,2024-04-02,"my device is not auto inserting The OTP, So keyboard should be enabled on the apps OTP login to insert OTP Manually.",03de13ad-33e7-43da-8851-d34985274ab4,Google Play Store,-0.9937697052955627,NEGATIVE
Bank of Abyssinia,1,2024-05-26,I can't use the app unless I turn off developer mode?? What kind of stupid rule is that?? The worst experience for a banking app!!,f3e8b3d1-1c97-4b9f-9d34-1f6c18b340f1,Google Play Store,-0.9998013377189636,NEGATIVE
Bank of Abyssinia,1,2024-05-01,"It's good app but the system is not same as CBE bankin mobile When i compare To these apps BOA and CBE, CBE is the best up",902acd07-730a-4eb7-a139-09ae29e7d800,Google Play Store,0.9958796501159668,POSITIVE
Bank of Abyssinia,5,2024-04-06,It closes playing audio app when it is opened . What is the solution?,274344c5-ed35-442c-b721-645243fceb5f,Google Play Store,-0.9949249029159546,NEGATIVE
Bank of Abyssinia,5,2024-04-30,Not comfortable with this version. Its hard to down it load Developer option is not allowed to use it as usual.,4df79fbe-9e1b-4639-bb70-55903cf78fa7,Google Play Store,-0.9993792772293091,NEGATIVE
Bank of Abyssinia,5,2024-02-19,It was good and more secured mb app but this new version apk i can't find it on play store will you tell me what i have too do ...please,248376cc-09ca-4121-92f9-f1502ecf7de2,Google Play Store,-0.9961307048797607,NEGATIVE
Bank of Abyssinia,1,2024-02-12,BOA Mobile banking is hard to deal with. Very poor app never gets better it keep lagging,9016c943-3652-41d4-8c06-aa81aa1cbd95,Google Play Store,-0.9995620846748352,NEGATIVE
Bank of Abyssinia,1,2024-04-29,"With every update the app keeps on getting worse,it is filled with bugs",3bba5202-3fe3-473b-a3d0-8fb851e669ff,Google Play Store,-0.9996582269668579,NEGATIVE
Bank of Abyssinia,1,2024-11-28,I don't know why but your apps start out great then all of a sudden don't workü§∑‚Äç‚ôÄÔ∏è,8c12373b-e19d-494f-8506-a54490d9709b,Google Play Store,0.8064306974411011,POSITIVE
Bank of Abyssinia,5,2024-01-17,You've improved from the previous one! Also try to add dark mode.,3f2731c8-a1f4-4e60-9a4b-25c3c3b261cd,Google Play Store,0.7760274410247803,POSITIVE
Bank of Abyssinia,5,2024-02-03,A massive improvement from the previous app. More modern and actually works,000ef73f-978b-4c50-a44a-9c57cbc5c69e,Google Play Store,0.9997559189796448,POSITIVE
Bank of Abyssinia,2,2024-05-07,It crash repeatedly! Try to make it more stable for customers need meet!,cfe884a2-ee43-4d34-9e1a-a49529f5a5c0,Google Play Store,-0.9996886253356934,NEGATIVE
Bank of Abyssinia,1,2024-04-13,The app is not showing my balance or any transaction it is like corrupted showing usd amounts,bd509db9-9cea-4b04-8776-6aaad5914a84,Google Play Store,-0.999426007270813,NEGATIVE
Bank of Abyssinia,1,2024-03-23,Just use other banks if you want a good mobile app. CBE is 40X faster and safe than this app.,9f294b45-c788-4b0b-8e0b-716dd47b5ff1,Google Play Store,-0.7189280986785889,NEGATIVE
Bank of Abyssinia,1,2024-05-02,Crash... glitch... crash... blame connection... crash... crash again. Please fix it,dd17878a-6b55-4bb7-9896-74753abaebb4,Google Play Store,-0.9994064569473267,NEGATIVE
Bank of Abyssinia,1,2024-05-05,Pls improve your mobile banking app it's doesn't work constantly after i updated the new version of your app try to improve,4912c5ac-685b-4f39-8a57-ed6332d80b71,Google Play Store,-0.9994970560073853,NEGATIVE
Bank of Abyssinia,1,2024-10-13,A painfully slow banking app service. Please don't make it your choice!,df4d9c87-1a87-4a1d-8900-581c52470725,Google Play Store,-0.999660849571228,NEGATIVE
Bank of Abyssinia,1,2024-05-01,Please focus on the functionality of the app instead of spending money on the advertisements.,71de52ad-6768-4693-a021-6b95821d75fe,Google Play Store,0.7451231479644775,POSITIVE
Bank of Abyssinia,1,2024-08-03,"Take some note from CBE mobile banking app, it's the best banking app currently take some note and improve ur app . Sometimes u have to learn from the bests üôå",612a0e01-ba70-498b-a331-e93ce6adfce0,Google Play Store,0.9958856701850891,POSITIVE
Bank of Abyssinia,1,2024-04-29,This app isn't working well on Tecno phone üì±. what is the error??,97962b52-3681-4d3a-a061-62e0e4f13ba2,Google Play Store,-0.99974125623703,NEGATIVE
Bank of Abyssinia,1,2024-07-13,"It's not functional at all. It keeps saying ""error"". Unable to activate.",3cc9d24d-ace9-45a4-a843-7750c0babd8d,Google Play Store,-0.9998112320899963,NEGATIVE
Bank of Abyssinia,1,2024-09-14,It's not working. It needs a big update. Can't you update the app quickly?,7f00e003-f4e4-49e1-bdd1-16c71454d8ea,Google Play Store,-0.9997778534889221,NEGATIVE
Bank of Abyssinia,1,2024-04-13,"Ultimately, the worst mobile banking experience ever left me feeling exasperated and disillusioned.Its a nightmare",563a42d4-d018-4147-a6d9-a62d36a30772,Google Play Store,-0.9998087286949158,NEGATIVE
Bank of Abyssinia,1,2024-05-03,It keeps clashing down What a crass stupid app is this... You forced me to update after I transferred money and now I can't open it,f9b5767d-f81c-47dd-ab84-54e11c138e08,Google Play Store,-0.9997383952140808,NEGATIVE
Bank of Abyssinia,1,2024-10-04,I'm living out of country how may I download and use mobile banking? It asks me the Ethiopia phone number and I can't receive text to confirm because I'm out side the country. So please lete know if I can use while I'm outside the country. Thanks,b4f29388-db8b-4ce7-9539-82a8c57b071a,Google Play Store,-0.6597397327423096,NEGATIVE
Bank of Abyssinia,5,2024-04-28,This application is relatively good even if some times interpreted.But apolo is difficult application please improve it.,54b35b06-8d9f-426d-b60e-8ca7759b37f3,Google Play Store,0.9913715124130249,POSITIVE
Bank of Abyssinia,1,2024-07-05,It usually crashes and unable to process also it request to off the developer options,6d67dca3-b643-462f-bfac-f49811eb1473,Google Play Store,-0.9996892213821411,NEGATIVE
Bank of Abyssinia,1,2024-04-29,It doesn't function properly!! You don't even deserve one star.. please stop playing your dirty game on your customer...,a0ffc2f3-5b01-4f69-b9fa-ebca3e358bce,Google Play Store,-0.9997984766960144,NEGATIVE
Bank of Abyssinia,1,2024-11-04,"The most useless app, I never expected such an irrelevant app from BOA. big shame!",ac6715ed-80bf-4720-8893-cd6f0340c82c,Google Play Store,-0.9997209906578064,NEGATIVE
Bank of Abyssinia,1,2024-07-23,Always slow and doesn't work on weekends if you are in a rush or a merchant this app is not for you,d3a4d1b9-9b82-4760-bd5d-ae4fd3232750,Google Play Store,-0.9994396567344666,NEGATIVE
Bank of Abyssinia,1,2024-03-09,Always there a problem with this app it says check your connection while connected üòû,f855dd9e-3276-46ef-b9ee-22fd47e91e7a,Google Play Store,-0.9987086057662964,NEGATIVE
Bank of Abyssinia,1,2024-07-15,The app is constantly crashing and freezing when to send to BOA customers' accounts.,a98b2177-e8cf-4818-aa1b-82a1e80df07b,Google Play Store,-0.9988401532173157,NEGATIVE
Bank of Abyssinia,1,2024-07-25,"Is this app fake i try it not working it say please try again later, unable to make transactions what is the purpose of this app . If it is not working delete it",c8c1d8d1-5304-4e81-a052-f7437a7b341e,Google Play Store,-0.9997162222862244,NEGATIVE
Bank of Abyssinia,1,2024-05-01,Every time needs update & after that it's not working it's too boring,aa02275b-6f54-4618-ae63-b085334c35e7,Google Play Store,0.9877825379371643,POSITIVE
Bank of Abyssinia,3,2024-09-25,That's too good application but try to add more alternatives and futures or possibilitys for your customers,a84791b9-6811-4e81-9461-b4e880dee4d6,Google Play Store,-0.9941336512565613,NEGATIVE
Bank of Abyssinia,1,2024-07-31,Not yet completely working this App. i don't know when is it will be working properly! Its Sad!!!,03bcdbc8-adcf-4f5d-b155-1001f6debab5,Google Play Store,-0.9993754029273987,NEGATIVE
Bank of Abyssinia,1,2024-05-07,"The application is full of bug, so annoying.",576b4332-bf4a-4d4b-9f4b-12d293d6f543,Google Play Store,-0.9997913241386414,NEGATIVE
Bank of Abyssinia,5,2024-04-24,Boa is the best app but Please Clear Instant or Not instant option of send money be for Asked !!!,2a81adc8-d244-4af5-b5fe-5f1d6539593c,Google Play Store,-0.8803109526634216,NEGATIVE
Bank of Abyssinia,5,2025-04-09,boa of mobile backing,497345df-10e9-402a-bb96-88e16f8a803d,Google Play Store,-0.980626106262207,NEGATIVE
Bank of Abyssinia,1,2025-03-02,It has good features but sometimes it doesn't work...0,529fe570-b1aa-48b7-b349-444b98c1fce7,Google Play Store,-0.9956711530685425,NEGATIVE
Bank of Abyssinia,1,2025-03-26,always problematic hardly works,34f5b18e-0a79-40bb-94b6-4430d08e0c17,Google Play Store,-0.9995555281639099,NEGATIVE
Bank of Abyssinia,1,2025-03-19,"For anyone who wants to download it, just don't!!!",c5cdb617-4335-491d-89ce-9c1aab9b0b2f,Google Play Store,-0.9993981122970581,NEGATIVE
Bank of Abyssinia,1,2024-05-15,"The worst mobile banking app, doesn't even work for a week properly.",3413f38f-a74b-4ab9-b793-4a14bf47b008,Google Play Store,-0.999815046787262,NEGATIVE
Bank of Abyssinia,1,2024-12-24,When are you going to get rid of this and have a real app that works? By far the worst mobile banking app.,6f08a7e9-d374-4337-aa1c-929bc4157b1b,Google Play Store,-0.9997933506965637,NEGATIVE
Bank of Abyssinia,1,2025-01-15,Horrible customer service and app crashes Horrible!!,46c41e87-0d7a-491b-8641-2c1acdaddea3,Google Play Store,-0.9997913241386414,NEGATIVE
Bank of Abyssinia,1,2024-04-24,"This is not functional at all, it takes forever to make a transaction,please improve it.",3c7477cb-cd09-40b0-828e-9086cba2e596,Google Play Store,-0.996469259262085,NEGATIVE
Bank of Abyssinia,5,2024-02-20,The app got a better features and easy to use.,e7d9dbf1-9ba4-4164-b56e-9e2e3fbc251d,Google Play Store,0.6302583813667297,POSITIVE
Bank of Abyssinia,5,2024-04-12,This the best mobile banking App BOA mobile banking included all digital banking features and we can access the most companies and sectors with this App. Thanks for giving this services Keep going .,71a6f4cf-221a-4aa3-94c3-030aaa61e644,Google Play Store,0.9996832609176636,POSITIVE
Bank of Abyssinia,1,2024-06-16,It has become the most unreliable mibile banking app ever.,35179040-fff3-4a61-9e55-e1efe7624022,Google Play Store,-0.999081015586853,NEGATIVE
Bank of Abyssinia,1,2025-03-01,It's not opening. Really frustrating,b7206c5f-267e-44f1-b044-8f6f9392701d,Google Play Store,-0.9997020363807678,NEGATIVE
Bank of Abyssinia,1,2024-04-27,"Very slow response , try to some updates in the application",d54d6e7a-8acd-45c3-a479-8b7fcc4ce671,Google Play Store,-0.9997745156288147,NEGATIVE
Bank of Abyssinia,1,2025-06-01,This App is not interest for Android phone Please update it .,8cd852da-0257-4ca0-9003-314fb464e55a,Google Play Store,-0.9971383810043335,NEGATIVE
Bank of Abyssinia,5,2025-01-04,Fast and suitable for the customers.,9bea391b-234f-439d-a844-47d0c839a89a,Google Play Store,0.9997920393943787,POSITIVE
Bank of Abyssinia,1,2024-12-01,It's better to say I don't use boa rather than pulling your phone out and opening this app,b53d4763-fbf3-4815-93c6-415d6026c863,Google Play Store,-0.9981752634048462,NEGATIVE
Bank of Abyssinia,1,2024-07-06,"From now on I will never going to use this app,It is a trash app.No one care about this app from bank I will rate them 0/5.",eb3fc431-4145-4276-990f-496c764b7ea7,Google Play Store,-0.9991281628608704,NEGATIVE
Bank of Abyssinia,3,2024-04-30,Hello is this new update cuz it keeps kicking me out!!!!! can't make a transaction fr!,c10f6f0d-46bb-44fa-893b-c951985d5f00,Google Play Store,-0.9989492297172546,NEGATIVE
Bank of Abyssinia,1,2024-07-27,it can't even open and only display error messages,e960ae7a-6e14-47e3-83d2-2d9b3f666a01,Google Play Store,-0.9993472695350647,NEGATIVE
Bank of Abyssinia,1,2024-04-30,"Such a junk application, its not working at all. Waste of time",2fd189ac-a04c-4c92-9029-9576cba36175,Google Play Store,-0.9998182654380798,NEGATIVE
Bank of Abyssinia,1,2024-05-03,Very bad app as always bothering any transaction processes.,538d4305-bead-4891-bbde-4d719e7b8545,Google Play Store,-0.999804675579071,NEGATIVE
Bank of Abyssinia,1,2024-12-14,The worst banking app ever. Never works!,56e4df5e-cfd9-4c86-b9b7-ec322a07674e,Google Play Store,-0.9998007416725159,NEGATIVE
Bank of Abyssinia,1,2024-05-07,It keeps crashing and hasn't been fixed,df7e343c-6605-4349-aac9-1082b3e5699b,Google Play Store,-0.999289870262146,NEGATIVE
Bank of Abyssinia,1,2025-03-25,considering the fact the bank is huge this app really bad you could do better,b96d31a2-9360-43ab-ba3c-a44b324f8288,Google Play Store,-0.9997418522834778,NEGATIVE
Bank of Abyssinia,2,2024-08-01,"It's not working as it was , so much need to improve, it was the best but not anymore",95b8d5aa-aa79-40a8-b250-6bf68f7b9782,Google Play Store,-0.9968530535697937,NEGATIVE
Bank of Abyssinia,1,2025-04-07,it just doesn't work...so frustrating,3b48fff7-6b38-4099-9c7c-cabc1bbbd92b,Google Play Store,-0.999774158000946,NEGATIVE
Bank of Abyssinia,1,2024-05-09,UGH ü§Æü§Æü§Æ they are super calculative when it CM 2 Mobile-banking or any online stuff. If ur degital!! better chose other bank.,680449bd-79a5-4fd7-a4ab-67db9ba11308,Google Play Store,-0.9985111355781555,NEGATIVE
Bank of Abyssinia,1,2024-05-03,Soo many bugs on this app I haven't been able to use it since I installed it very bad,34a273e0-e131-497b-8d8d-0884c3c77aa6,Google Play Store,-0.9981491565704346,NEGATIVE
Bank of Abyssinia,2,2024-04-02,OTP should be inserted manually. not working on my phone,4d7d0be8-49b8-4ee8-9ce8-5058080ca462,Google Play Store,-0.9994474053382874,NEGATIVE
Bank of Abyssinia,5,2024-02-29,More interactive and easy to use mobile appüëå,7313638c-9cf3-4059-a8f8-9876ef72fe46,Google Play Store,0.9974318146705627,POSITIVE
Bank of Abyssinia,5,2024-09-25,Great UI and seamless UX. I love it!!,e03e750f-2744-47c8-9f9b-e54a13cde49a,Google Play Store,0.9998557567596436,POSITIVE
Bank of Abyssinia,1,2024-07-13,I can't believe that Abyssinia develop this kind of trash app it have a lot of issues üëéüëéüëé,3af6db50-c93f-4916-bc9b-8ce248f59a4e,Google Play Store,-0.9983154535293579,NEGATIVE
Bank of Abyssinia,1,2024-02-02,You make the app worse . Asif it is update you make us install it as new then you create us problems,594ad1b3-589b-43aa-9936-04d0f57eefc4,Google Play Store,-0.9997640252113342,NEGATIVE
Bank of Abyssinia,1,2024-05-08,It takes a very long time to log in please fix,441a4d3b-2ca8-437d-a583-d210f393aef2,Google Play Store,-0.9983991980552673,NEGATIVE
Bank of Abyssinia,1,2024-03-15,I couldn't transfer because of bug's its annoying for a bank app nots acceptable,fd0910c4-1fae-48fc-96f7-25718e85b3e0,Google Play Store,-0.999514102935791,NEGATIVE
Bank of Abyssinia,1,2025-03-24,"worst app and Bank ever u be ashamed, scammer",1648df61-5880-4d2a-9ec1-c393c9ac474d,Google Play Store,-0.9998050332069397,NEGATIVE
Bank of Abyssinia,5,2024-04-18,It's good app tnx for u new update it's very easy to using this app they add some future tnx Abyssinia bank,814106ac-2d4b-409a-b367-f8686985ee7c,Google Play Store,0.996093213558197,POSITIVE
Bank of Abyssinia,5,2025-06-01,BoA system is confartable,d9172c66-a605-4626-acc6-e1dbca0685cd,Google Play Store,-0.9980142116546631,NEGATIVE
Bank of Abyssinia,1,2024-04-22,"It says ""Something is wrong with your internet banking user, go to your nearest branch"" It hasn't been working since April 13.",12db3782-541a-4c67-bec1-74bfe38c33f9,Google Play Store,-0.99941086769104,NEGATIVE
Bank of Abyssinia,1,2025-05-22,You guys keeps getting worst,e244700c-1210-4280-b60b-b75964c982df,Google Play Store,-0.9997075200080872,NEGATIVE
Bank of Abyssinia,5,2024-02-24,User friendly at it's best with the best security option.,c82b872b-22fe-4419-a039-ff981cd2a2eb,Google Play Store,0.9988510608673096,POSITIVE
Bank of Abyssinia,5,2024-04-23,Only problem is often it has connectivity issues.,7df9c4ae-8892-42c6-bd56-42308119c67f,Google Play Store,-0.9959843158721924,NEGATIVE
Bank of Abyssinia,1,2024-09-21,I bought a mobile card on this app but I didn't receive it and it took my money and I didn't get my money back.,0382f8e0-e971-4b72-8392-b9aca8d61d7e,Google Play Store,-0.9994741082191467,NEGATIVE
Bank of Abyssinia,5,2024-02-22,The receipt download option is very convenient.,f9a519e3-62d8-4821-b055-0394689b74c1,Google Play Store,0.9174293875694275,POSITIVE
Bank of Abyssinia,5,2024-02-08,More easy and secure fast app than previous one,7c0961f2-7a44-49cd-b91b-a7edfc129349,Google Play Store,0.9963563680648804,POSITIVE
Bank of Abyssinia,1,2025-03-05,bro the worst app made by human kind!! as a software engineer it make me so sad seeing enterprise as big as BOA make apps like this. it is a disgrace for our country!!,7d468428-1ccb-4528-9984-9324db9b9d2b,Google Play Store,-0.9998133778572083,NEGATIVE
Bank of Abyssinia,2,2025-01-21,Whenever I try to sign in app close please fixed it out,06ad47bd-3a6a-45b4-ae10-6dd4170bc254,Google Play Store,-0.9976611137390137,NEGATIVE
Bank of Abyssinia,1,2024-08-08,so poor app to use can't start up when open the app,56402226-89f9-4f56-9761-e0dfeed5718b,Google Play Store,-0.9997444748878479,NEGATIVE
Bank of Abyssinia,3,2025-01-27,Always do update and that is annoying,c3b78417-6822-48b0-8c40-6f5f96d0e2b2,Google Play Store,-0.9994439482688904,NEGATIVE
Bank of Abyssinia,5,2025-02-01,I have been using this app for two years.It is amazing.,63c608e3-85ac-46ab-a948-1ab4a81bd575,Google Play Store,0.9998595714569092,POSITIVE
Bank of Abyssinia,1,2024-05-29,What is the purpose or point of not allowing to take a screenshot of the recipe after transferring???,3f955361-4a28-4185-9b83-bedfcac7b287,Google Play Store,-0.9991626739501953,NEGATIVE
Bank of Abyssinia,1,2024-08-12,Very poor app b/c highly slow to open the app,f3cb13b7-59a4-4910-8373-e7a7f3f9d1e9,Google Play Store,-0.9998080134391785,NEGATIVE
Bank of Abyssinia,1,2024-04-28,The update app is the worest one when i compare with past.,0d777606-9d9a-4baf-91be-b21bfb65fa47,Google Play Store,-0.9917793869972229,NEGATIVE
Bank of Abyssinia,5,2025-01-23,"Best app, somehow waiting a few minutes",86e6f672-4fd3-41dd-a49b-21e48aef587d,Google Play Store,-0.6387050747871399,NEGATIVE
Bank of Abyssinia,4,2024-09-25,It's easy used to operate program and secured üëçüëç,f4b63e31-2da1-40e8-acf5-fdb0a6e0b1a0,Google Play Store,-0.9652976989746094,NEGATIVE
Bank of Abyssinia,1,2024-11-12,"This app crashes everytime, please fix it",e086cf56-30a1-4650-b7c7-492dbab0f831,Google Play Store,-0.9996472597122192,NEGATIVE
Bank of Abyssinia,5,2025-02-21,Nice app and it's easy to use,9035f28b-9646-4fe9-80e1-6b6926b0289e,Google Play Store,0.999751627445221,POSITIVE
Bank of Abyssinia,1,2024-02-14,It is the worst app that I have ever downloaded. It crushes every time I log in üëé üëé üëé üëé üëé üëé üëé üëé üëé üëé üëé üëé üëé üëé,ed1e11a1-995e-4255-a461-9d227c04a962,Google Play Store,-0.9997887015342712,NEGATIVE
Bank of Abyssinia,2,2024-07-13,Very poor app. Its Always cresh and not compatible,b9471f3a-2e46-4397-a4df-f466c05a21cc,Google Play Store,-0.999818742275238,NEGATIVE
Bank of Abyssinia,5,2024-02-05,Much better and easy to access then the last boa app,769aa7f0-de68-4bd0-ab4b-d6038d9836be,Google Play Store,-0.9890987873077393,NEGATIVE
Bank of Abyssinia,5,2024-07-03,its best app but its don't working in poor connection area so,196ffa19-91c5-4f11-9427-cff840f683e1,Google Play Store,-0.9705930948257446,NEGATIVE
Bank of Abyssinia,1,2024-05-10,Very laggy un able to make transactions Fix it,df95b4c9-3d7c-4d51-ae6b-000f4bb05b20,Google Play Store,-0.9998063445091248,NEGATIVE
Bank of Abyssinia,1,2024-05-01,Keeps crashing everytime what a disaster,f29e5f00-a934-4d73-9406-178808bedfef,Google Play Store,-0.9993972778320312,NEGATIVE
Bank of Abyssinia,3,2024-05-06,"Why is the app asking me to remove developer options? Why does it matter what I do with my phone , this is unacceptable! Fix this",eae7a9f2-f89c-40dc-afe9-97e29649a502,Google Play Store,-0.9997825026512146,NEGATIVE
Bank of Abyssinia,4,2024-02-19,Best app but after the update the screenshot not working,832b99c0-0dd5-46ce-9c81-fa0b789e31cd,Google Play Store,-0.9986650943756104,NEGATIVE
Bank of Abyssinia,1,2024-03-25,What's wrong with app suddenly stoped to open?,b4702798-0eb2-488a-817b-295ba878435a,Google Play Store,-0.998789370059967,NEGATIVE
Bank of Abyssinia,2,2024-04-30,"you guys keep on releasing unstable app, now it won't login",bdbcfd9c-7cf2-48d8-9ddc-ae048d9cf9ab,Google Play Store,-0.9805343747138977,NEGATIVE
Bank of Abyssinia,5,2024-04-11,Simplify your life by using the Abyssinia app I like it because it is comfortable and safe,1cb67da1-9919-4e19-a07e-2b19e0c5db96,Google Play Store,0.9996391534805298,POSITIVE
Bank of Abyssinia,1,2024-07-08,Error occurred try again for 5 days tele birr user not found ·àà·à´·à¥ ·ä†·ãù·ã§,5f80fcab-9967-4c8a-8e42-fe8ecfca0f11,Google Play Store,-0.9983060359954834,NEGATIVE
Bank of Abyssinia,3,2024-04-25,The onky defect is that it is too slow,8707cb4a-9436-4fde-83e5-e08f2a36e035,Google Play Store,-0.9996615648269653,NEGATIVE
Bank of Abyssinia,1,2024-05-03,it doesnt work it crashes,bb85e30f-03b1-480f-8895-dbbad4672753,Google Play Store,-0.9852181077003479,NEGATIVE
Bank of Abyssinia,3,2024-02-04,Not working properly always loading !,681654a7-15e4-4539-ad2f-4adcf5cd12dc,Google Play Store,-0.9998049139976501,NEGATIVE
Bank of Abyssinia,1,2024-01-16,"The worst app. Can't even login to my device. Phone : Pexel7a, version : android 13.",47952a57-6612-4e48-93e5-2c33b47ac246,Google Play Store,-0.9998114705085754,NEGATIVE
Bank of Abyssinia,2,2024-02-15,Its very slow and fail to load any transaction,8ae826b2-9de1-4f00-8cb2-1853fe361329,Google Play Store,-0.999752938747406,NEGATIVE
Bank of Abyssinia,1,2024-04-24,I can't update the enable button not open.,45dd47e8-7308-43f4-85b0-76c8cdd9a4ad,Google Play Store,-0.9989743232727051,NEGATIVE
Bank of Abyssinia,5,2024-02-06,Easy and very nice app to load more than the previouse,d713bd24-8fc6-48e4-ad53-aeafeda8babc,Google Play Store,0.9993129968643188,POSITIVE
Bank of Abyssinia,1,2024-05-01,Frequently crashing fix it please,b4b477f6-5c81-4d01-bff7-90499955e93e,Google Play Store,0.9488216638565063,POSITIVE
Bank of Abyssinia,1,2024-05-01,Annoying it doesn't work totally,d465f71e-39dc-4e94-bcbf-06310974347c,Google Play Store,-0.9998140931129456,NEGATIVE
Bank of Abyssinia,4,2024-02-08,You have made a great application that is easy to use,ffc76c90-7d65-45e7-8c47-a4c5bd029b0e,Google Play Store,0.9994623064994812,POSITIVE
Bank of Abyssinia,1,2024-05-01,95% of the time it crashes,2e817e12-5e50-4f61-8d48-42a7abfc3379,Google Play Store,-0.9967779517173767,NEGATIVE
Bank of Abyssinia,5,2024-02-04,Tnx for updating the app its easy and fadt,bed82c38-8d93-4c7f-a0e4-6dbe6499b6ab,Google Play Store,-0.9770723581314087,NEGATIVE
Bank of Abyssinia,5,2024-02-23,It is easy to use and very fast app,43551474-c422-4f7c-8dbf-372fb417a4b9,Google Play Store,0.9995606541633606,POSITIVE
Bank of Abyssinia,1,2024-09-03,Nice looking app but a terrible user experience.,ed313595-7211-44a8-9b42-defd7503aebc,Google Play Store,-0.9958102703094482,NEGATIVE
Bank of Abyssinia,1,2024-04-22,Not reliable always with some issues,1c136806-0ba1-4fcb-9ad8-f0f92a596867,Google Play Store,-0.9995911717414856,NEGATIVE
Bank of Abyssinia,5,2024-02-10,The updated version is nice one BOA always #1 bank,cd1656d1-afc8-4a2b-9f3b-91fbfa587b84,Google Play Store,0.9990589022636414,POSITIVE
Bank of Abyssinia,1,2024-05-02,all the time updated but im not satisfy by boa mobile bancking üò°üò°üò°,a7a625eb-2758-4439-b790-c7f6e62cae95,Google Play Store,-0.9995203018188477,NEGATIVE
Bank of Abyssinia,1,2024-04-13,The most terrible mobel banking app in the world it is not working ones in a week,516c40dc-9a1e-4bd8-9c73-78272f1f5852,Google Play Store,-0.9983479976654053,NEGATIVE
Bank of Abyssinia,1,2024-05-10,Why do u force me to Turn OFF developers option just to use your app its not fair and am not using ur app anymore,2f3457f8-3dd9-461e-aeda-9453265796f8,Google Play Store,-0.9993390440940857,NEGATIVE
Bank of Abyssinia,5,2024-08-15,"I can not open and use the application,please help me!",bd90f06d-8e5d-498a-b0be-de5110c3c700,Google Play Store,-0.9995014667510986,NEGATIVE
Bank of Abyssinia,2,2024-03-19,worst banking app i have ever used. Try to modify it,2a694e53-fdeb-4880-b4db-e3d52971f932,Google Play Store,-0.9997920393943787,NEGATIVE
Bank of Abyssinia,1,2024-03-16,The application is extremely slow.,bb41fa2e-2552-494f-a3dd-81da22ebba6c,Google Play Store,-0.9997929930686951,NEGATIVE
Bank of Abyssinia,5,2024-01-15,This new version of the app is really great. Loved it!,f7eaa18a-f1ea-4477-b0c8-2832899d5424,Google Play Store,0.9998737573623657,POSITIVE
Bank of Abyssinia,1,2024-03-03,Was good at first but now i couldn't reach my apollo account in the mobile banking app,4168ab29-8b6c-4b99-ad76-1b805f5085ce,Google Play Store,-0.9983847141265869,NEGATIVE
Bank of Abyssinia,3,2024-05-22,What is that disable developer option I have never seen any app commands.,622762e8-14b9-42eb-b807-8960278d8b34,Google Play Store,-0.9988861680030823,NEGATIVE
Bank of Abyssinia,3,2024-09-27,The App's crash always.. Error.....,5d940978-07d3-41d9-81b1-74867eb724a3,Google Play Store,-0.9996880292892456,NEGATIVE
Bank of Abyssinia,5,2024-05-09,Great UI UX Design !!!,d80c22c9-edd1-4e95-98c5-862949bb45f6,Google Play Store,0.9996935129165649,POSITIVE
Bank of Abyssinia,1,2024-01-23,It is not downloading. It stops at 79 % . Why ?,d464302a-7f6f-4dba-9b61-62dea5eab2f1,Google Play Store,-0.9991632699966431,NEGATIVE
Bank of Abyssinia,1,2024-02-14,The keyboard not Working please fix it,3eb5e2aa-da9c-4879-b7fa-51d605d32cf5,Google Play Store,-0.9994933605194092,NEGATIVE
Bank of Abyssinia,1,2024-07-31,"It's not working totally, what a useless app is it,",be349d45-280d-4ecf-8d23-71c407bd38c6,Google Play Store,-0.9998171925544739,NEGATIVE
Bank of Abyssinia,1,2024-11-12,i find it interesting specially in reciept downloading,6446c637-4d71-4aa9-b09c-abcc44110734,Google Play Store,0.9981314539909363,POSITIVE
Bank of Abyssinia,1,2024-05-02,This app is going to the worest boa app everüò° It crushes every time login.,1125c8c6-1f1b-40b7-8e6a-79fafa708e50,Google Play Store,-0.9977701902389526,NEGATIVE
Bank of Abyssinia,1,2024-06-20,Always error occured. The worst app ever,c051070a-5552-441b-9c04-ff28664018fe,Google Play Store,-0.9997997879981995,NEGATIVE
Bank of Abyssinia,1,2024-05-15,It's not working for 3days. Come on as a big bank in Ethiopia this is unprofessionallism from boa,7c7a7f33-9bee-47e4-a0f7-2069f36c33de,Google Play Store,-0.9994888305664062,NEGATIVE
Bank of Abyssinia,2,2024-07-22,"screenshot isn't working, Please modify it",01c3d316-3dbc-4e5c-9a71-8ed4fecc7233,Google Play Store,-0.9996084570884705,NEGATIVE
Bank of Abyssinia,4,2024-05-01,good App and user friendly.,c2fd1b46-bfd0-4f9d-84a0-823e74713dae,Google Play Store,0.9998492002487183,POSITIVE
Bank of Abyssinia,1,2024-07-23,Poor application. It turned off by itself,f9d522b2-ef61-43ea-bdff-9ccf70b88498,Google Play Store,-0.9997444748878479,NEGATIVE
Bank of Abyssinia,2,2024-07-09,After update it doesn't work well,986b160c-cade-4ae5-918e-eddd2802d4d8,Google Play Store,-0.9996452331542969,NEGATIVE
Bank of Abyssinia,2,2024-05-20,It's good when i've downloaded at first. But now it doesn't work well,42e6b999-2d95-4374-bf40-93c60d08c58f,Google Play Store,-0.9944619536399841,NEGATIVE
Bank of Abyssinia,1,2024-08-04,Is it necessary to switch off developer options every time to use mobile banking?ü§îü§îüò°üò°üò°,5af4e484-25a8-4612-a21f-78d14133c52d,Google Play Store,-0.99793541431427,NEGATIVE
Bank of Abyssinia,1,2024-04-28,It is always crushing it loged me out all the time,3e2451bc-4507-498e-b0d2-66d211889072,Google Play Store,-0.9912962913513184,NEGATIVE
Bank of Abyssinia,1,2024-09-15,"How many hours should I wait after transferring money to telebirr, please do something about the transfer delay issue I need my money when ever.",c33b61e9-53db-4349-9ffb-a0d8a5a59051,Google Play Store,-0.9988893866539001,NEGATIVE
Bank of Abyssinia,3,2024-04-30,This app is so annoying as the previous version.,52ada943-791a-40f9-95b3-30f8919e1518,Google Play Store,-0.9997738003730774,NEGATIVE
Bank of Abyssinia,5,2024-11-18,Fast and reliable,695331e7-0600-4a44-805b-255770e5f33b,Google Play Store,0.9998595714569092,POSITIVE
Bank of Abyssinia,1,2024-12-02,It doesn't work on my 2 devices A05 and A34 üò°,f07f9c2b-112a-4fe7-9187-0da7683616bc,Google Play Store,-0.9996792078018188,NEGATIVE
Bank of Abyssinia,1,2024-08-06,"I mean how could a big financial company like this, be this much irresponsible to release this app? You should be ashamed!",c22c687c-b43d-418d-bd9a-c534c12bdee4,Google Play Store,-0.9994394183158875,NEGATIVE
Bank of Abyssinia,1,2024-05-03,This application isn't working properly,9ce4debf-b6f7-4c00-9dc0-0af0dca50184,Google Play Store,-0.9997974038124084,NEGATIVE
Bank of Abyssinia,1,2024-11-12,·ä†·äï·ãµ star ·à´·à± ·ã≠·â†·ãõ·â†·â≥·àç·ç¢ i dont recomend to use this app also the bank,5d19cf33-a0a2-4263-ae80-c963660bde79,Google Play Store,-0.9964038133621216,NEGATIVE
Bank of Abyssinia,5,2024-11-12,I need a support the app is not working,316e654c-3526-4bca-8086-60b63895f732,Google Play Store,-0.9998034834861755,NEGATIVE
Bank of Abyssinia,1,2024-08-30,Plz fix the Apps ....screenshot lovation hide from glarey share botten not worküòîüòî,861dcf64-11ac-4109-9416-dca7c303cdf9,Google Play Store,-0.9987314343452454,NEGATIVE
Bank of Abyssinia,2,2024-04-13,it's so slow app please fix it,be61c9a0-ec42-4cc6-aea6-4fe621e17422,Google Play Store,-0.9994977712631226,NEGATIVE
Bank of Abyssinia,5,2024-10-04,Update to the simplest way it requires the developer option on and off why this is,3a05c496-6385-4903-b2f5-54f69bdd8ee7,Google Play Store,-0.998016357421875,NEGATIVE
Bank of Abyssinia,5,2024-09-19,Great app with great services,9a938500-3558-429f-b5aa-f84792f3e442,Google Play Store,0.9998226761817932,POSITIVE
Bank of Abyssinia,5,2024-06-05,slow only some times the wey it is veary nice app,fc50f8d9-0d2f-495f-8786-1e4670d229c7,Google Play Store,0.9498576521873474,POSITIVE
Bank of Abyssinia,5,2025-06-02,BoA Mobile good bank,d7f07898-4ba1-47b4-9e8c-a3cc10b1bf0f,Google Play Store,0.9984728693962097,POSITIVE
Bank of Abyssinia,1,2024-09-11,How to download or screenshot of payment receipt...what kinda worst app ever ü§Æü§Æü§¢,f736ba52-844f-46ef-9164-1803171f7177,Google Play Store,-0.9998114705085754,NEGATIVE
Bank of Abyssinia,1,2024-05-01,"From Ethiopian Internet banking Abbisiniya Internet banking application is the most worst boring and slower app, please fix that",03f0fe5d-707c-4c39-9ae8-ece08ca633f1,Google Play Store,-0.9995355606079102,NEGATIVE
Bank of Abyssinia,2,2024-05-02,I think I remember it worked once upon time...,cad446e3-e47d-4b8f-a47e-771cf8771aca,Google Play Store,0.9455678462982178,POSITIVE
Bank of Abyssinia,1,2024-07-06,"It is so bad apps ,it doesn't work",402ea96f-df73-4dab-a929-4c66f64adce7,Google Play Store,-0.9998026490211487,NEGATIVE
Bank of Abyssinia,1,2024-05-08,It's not functional at all,c20f2730-8f04-4bb5-b0df-0201b263e3e6,Google Play Store,-0.9997891783714294,NEGATIVE
Bank of Abyssinia,1,2024-07-16,The poorest mobile banking survice ever. Only error reports frequently,95a7177d-a323-4a17-98ad-9f94ea147686,Google Play Store,-0.999705970287323,NEGATIVE
Bank of Abyssinia,5,2024-04-28,"It's nice, the stack thing needs update thou",c34becbb-d067-410c-aaf9-cec4a6c87c3c,Google Play Store,0.9839305281639099,POSITIVE
Bank of Abyssinia,3,2024-04-28,The app is not properly working.,22099d9b-0b99-4bbc-90bf-ff60acab4e5c,Google Play Store,-0.999790370464325,NEGATIVE
Bank of Abyssinia,5,2024-01-11,Absolutely it's fantastic apps this New apps it's fast and good apps,c975592d-4176-48bd-a62e-a280b39ae58b,Google Play Store,0.9998877048492432,POSITIVE
Bank of Abyssinia,5,2024-02-14,It is good &fast to open!!,a9a7f141-8faa-4f42-8499-665d2c965fa7,Google Play Store,0.9998763799667358,POSITIVE
Bank of Abyssinia,3,2024-08-17,so far good but always it lugs,7172704c-d6ab-4ee6-8c06-7e540a7d5fc7,Google Play Store,-0.982947051525116,NEGATIVE
Bank of Abyssinia,1,2024-07-19,Is not working both this one and apollo did u make it better pls am gonne stop using this bank because of the mobile banking,0b4b949e-9c50-4262-9b4a-fcdd563921ea,Google Play Store,-0.9996222257614136,NEGATIVE
Bank of Abyssinia,3,2024-09-14,"I am Aimohon Joel , It's can be Good for a Better Conversation in Time üôÇ",15bcf00e-6cb4-4e13-9ded-9b6a1cce2bd8,Google Play Store,-0.9925205707550049,NEGATIVE
Bank of Abyssinia,5,2024-02-15,Very good app its easy to use,fed38ae4-068f-426e-83ec-1a7dbfc18e52,Google Play Store,0.9997560381889343,POSITIVE
Bank of Abyssinia,5,2024-07-12,It's very good but sometimes isn't work probably,56e691a9-fdd9-469b-a8b0-d495312cda48,Google Play Store,-0.9371032118797302,NEGATIVE
Bank of Abyssinia,4,2025-05-19,but not opening on android,8ddf5c9f-f866-4817-ac5e-85c67bfa870e,Google Play Store,-0.9952228665351868,NEGATIVE
Bank of Abyssinia,1,2024-05-02,It always crashes,f0f96f44-de20-40ca-8772-b6a288dd044a,Google Play Store,-0.9992138147354126,NEGATIVE
Bank of Abyssinia,2,2025-01-02,It doesn't work at all.,c194a70d-aa2b-4775-8da5-bf51d1c51d2a,Google Play Store,-0.9997771382331848,NEGATIVE
Bank of Abyssinia,1,2024-05-12,I don't get why this app is developed it is not functional at all !!,2267893c-a4cc-4618-b016-e0743aea27e2,Google Play Store,-0.9997220635414124,NEGATIVE
Bank of Abyssinia,1,2024-08-04,The previous version is better it doesn't work,d65cb095-4aad-44b5-ace2-de0e6be51444,Google Play Store,-0.9997755885124207,NEGATIVE
Bank of Abyssinia,1,2024-02-13,You should include manual OTP input!,789c7a33-2c9b-4ab7-bad3-126cb2485d6d,Google Play Store,-0.9951286315917969,NEGATIVE
Bank of Abyssinia,1,2024-04-25,Sorry to say it is very poor apps I have decided to suspend the BoA account,4f204bc2-3713-4db3-81a5-dca33fa239b5,Google Play Store,-0.9997908473014832,NEGATIVE
Bank of Abyssinia,1,2025-03-19,there is no speed,376f374a-f480-46e2-bb4a-90e938ab3a59,Google Play Store,-0.9994422793388367,NEGATIVE
Bank of Abyssinia,4,2024-01-18,The new version is really nice. Keep it up,b5697919-6864-4081-be34-38240941d26f,Google Play Store,0.9998657703399658,POSITIVE
Bank of Abyssinia,3,2024-06-11,The app is not good need a few work,390e85e9-72a5-4a7f-b68c-72f94c586fda,Google Play Store,-0.9997538924217224,NEGATIVE
Bank of Abyssinia,1,2024-04-29,it keeps crashing,adb11a9b-439b-4e8e-93ab-c1a54224c023,Google Play Store,-0.920182466506958,NEGATIVE
Bank of Abyssinia,1,2024-05-04,This app is not working!!,91b391ed-5ae4-49a2-9794-ad8af927449b,Google Play Store,-0.9997822642326355,NEGATIVE
Bank of Abyssinia,5,2025-02-22,best banking app in the wworld,cf026bee-94e7-4b9c-8a46-034354f9d171,Google Play Store,0.999572217464447,POSITIVE
Bank of Abyssinia,5,2024-04-24,The Bank I always love üòò and work with them is priceless,d20381f3-dc64-4b48-a98e-5434843b19c5,Google Play Store,0.9997803568840027,POSITIVE
Bank of Abyssinia,1,2024-04-20,Not work this app ...what is the problem,287a4512-6779-4d7b-ab55-fb237935980b,Google Play Store,-0.9997695088386536,NEGATIVE
Bank of Abyssinia,1,2025-01-22,I can't dijitalize my atm in the apollo app on my phone,7b07593c-a036-477b-b2d4-4e53fdc4c75e,Google Play Store,-0.9946038126945496,NEGATIVE
Bank of Abyssinia,4,2025-03-09,Almost better compared to cbe where it is not qualified for,df027023-1b65-40e9-b2bf-de6fedc17c5d,Google Play Store,-0.9741678237915039,NEGATIVE
Bank of Abyssinia,1,2024-04-20,It keeps on crashing,1e6bf71b-9229-4f39-a910-f1dd68ce5e33,Google Play Store,-0.5192335844039917,NEGATIVE
Bank of Abyssinia,5,2024-11-12,"thank you for your social services like, vertual banking, non touch ATM, Cadrless and withdrwal with out passbook...",d7d3b979-cd01-4ecf-936f-02cb87adc6b3,Google Play Store,0.9878897070884705,POSITIVE
Bank of Abyssinia,1,2024-10-25,Please try another because this app doesn't feet the need of this generation,518dfdbb-4c08-469f-aee2-3caba92930ac,Google Play Store,-0.9962698221206665,NEGATIVE
Bank of Abyssinia,1,2024-02-16,"Horrible, your apps are getting worse and worse",389d32d7-fbe5-4789-b687-20dbc48cd905,Google Play Store,-0.9997705817222595,NEGATIVE
Bank of Abyssinia,5,2024-02-20,Very Fast And attractive App,fac41d20-e24e-4451-bf38-58976f6db529,Google Play Store,0.9998482465744019,POSITIVE
Bank of Abyssinia,1,2025-02-26,Not working on this days,99172a2f-926c-48be-a1b0-3971b984b6b2,Google Play Store,-0.9972773194313049,NEGATIVE
Bank of Abyssinia,1,2025-01-02,this app is not available,06692c6b-978f-4b52-bb83-6c38a11b2822,Google Play Store,-0.9997593760490417,NEGATIVE
Bank of Abyssinia,5,2024-05-20,Good but not working top up,e1cb88c9-03ce-477d-8001-8d02c35b5410,Google Play Store,0.9643875956535339,POSITIVE
Bank of Abyssinia,3,2024-12-13,Poorly functioning app,e4c77ae3-0541-45b5-84da-a02029e99719,Google Play Store,-0.999775230884552,NEGATIVE
Bank of Abyssinia,5,2025-03-11,Improved to be the best,e68af2d6-0770-4110-b3dd-167bb54cd017,Google Play Store,0.9998570680618286,POSITIVE
Bank of Abyssinia,1,2024-12-20,The dirtiest application ever seen...,6e64d84c-1cec-4122-91d6-049d64f0b1ad,Google Play Store,-0.9954877495765686,NEGATIVE
Bank of Abyssinia,5,2025-03-07,i can't use this app why?,c292d2f8-1e0d-46ae-97f2-f3215a0bdf50,Google Play Store,-0.9993101358413696,NEGATIVE
Bank of Abyssinia,2,2025-02-12,The is not functional at all?,8d82d36e-ff01-40ab-83e7-cdb44af38a8e,Google Play Store,-0.9997331500053406,NEGATIVE
Bank of Abyssinia,1,2024-01-18,·àù·äï ·àÜ·äì·âΩ·ãç ·äê·ãç ·åç·äï ?·â†·å£·àù ·âÄ·à≠·çã·çã ·äê·ãç·ç°·â¢·ã´·äï·àµ ·ä•·äï·ä≥·äï ·ä•·äï·ã∞ Apollo ·â¢·çà·å•·äï ·ç¢ I'm more 15years customers in your bank but due your Application i decide to shift for other bank like CBE OR TELEBIRR PLEASE FIX THE SPEED,57c27d13-bb76-473e-becb-fc6217ddd0bd,Google Play Store,-0.9928550124168396,NEGATIVE
Bank of Abyssinia,1,2024-04-29,Not working properly why?????????,066e2fbb-0920-481a-80dd-6501275e15f5,Google Play Store,-0.999762237071991,NEGATIVE
Bank of Abyssinia,1,2024-05-18,Poor mobile banking alwayes not working alwayes,0a3b1a6e-625e-44de-b24f-799818bef015,Google Play Store,-0.9997960925102234,NEGATIVE
Bank of Abyssinia,2,2024-02-06,I Don't Like It Once U Open It's open did Not Ask U The Pin when u get back Not Safty the Old Version Is More Secured,6cab78a7-bc92-43b8-84c8-f997d3c31726,Google Play Store,-0.993198573589325,NEGATIVE
