Bank/App Name,Rating,Date,Review Text,Review ID,Source
Dashen Bank,5,2025-04-21,"The new mobile banking application is a major upgrade! It‚Äôs incredibly user-friendly, with a clean and modern design that makes navigation simple and intuitive. I really appreciate how fast it loads and how smooth the overall experience is. All essential services like balance checks, transfers, and bill payments are eas y to find and use. The added security features give me peace of mind, and the app runs reliably without crashes or glitches. It‚Äôs clear a lot of thought went into the user experi",c2ef1fe4-8517-4a83-9f92-165c0e65540a,Google Play Store
Dashen Bank,5,2025-04-21,"Dashen Super App is a game-changer! It‚Äôs fast, user-friendly, and packed with features that make everyday banking and transactions super convenient. I love how everything I need from mobile banking to utility payments is all in one place. The interface is clean, and everything works smoothly. Definitely one of the best apps out there. Highly recommended!",9057ebb4-b1dd-4df9-a0d3-9ead5360b9c9,Google Play Store
Dashen Bank,5,2025-04-21,"I have been using the Dashen Supper app mobile banking app , and overall, I appreciate its features.However,I‚Äôve noticed that when I turn on the developer options on my device, the app stops functioning properly. It would be great if you could look into this issue, as I often need to access developer settings for other applications . Thank you for your attention to this matter!",43c462b0-3873-429a-ac91-ee72fbf4e070,Google Play Store
Dashen Bank,5,2025-04-21,"The Dashen Super App offers a quick and user-friendly experience, bringing together a variety of services, like budgeting, payments, airtime recharges, and more, all in one convenient platform. Its sleek design and intuitive navigation ensure effortless transactions. It's evident that Dashen Bank has carefully crafted the app to make everyday financial activities easier. A great choice for anyone aiming to streamline their digital routines!",23019863-9b22-4d7e-8271-49f6b96b1546,Google Play Store
Dashen Bank,5,2025-05-26,"Game changer app! Dashen Bank Super App is fast, secure, and easy to use. The three-click payment makes sending money super quick, and the QR code payment is perfect for cashless shopping. I also love the biometric login and easy airtime and bill payments. Everything I need is in one place. Dashen Bank has really raised the bar for digital banking in Ethiopia. Highly recommended!",b2962d2d-86b8-43a5-ab14-d9d37ad03165,Google Play Store
Dashen Bank,5,2025-04-21,"A solid step forward by Dashen Bank. The SuperApp combines essential banking features with lifestyle services, making everything accessible in one place. The interface is smooth, and transactions are quick and reliable. It‚Äôs clear a lot of thought went into the design and functionality. Great job!",739b4157-4335-4fe7-9273-07f9427c8dba,Google Play Store
Dashen Bank,5,2025-04-21,"As an Internal Customer, Dashen Bank SuperApp has greatly simplified my online banking experience. It's easy to use, allowing me to quickly check balances, transfer money and pay Bills. The app's advanced security features are highly secure, ensuring my data is well protected. The Three click, Chat Banking and IPS features have also given me a smarter experience. In deed Dashen Bank is always steping ahead!",d6059960-9967-4be6-a771-000dd2f1743a,Google Play Store
Dashen Bank,5,2025-04-21,"i can't recommend the Dashen Super App enough! This app is truly a game changer for anyone looking for a seamless and efficient way to manage their daily life. It combines multiple essential services into one easy-to-use platform, saving time and simplifying tasks The user interface is modern, intuitive, and super responsive, making navigation a breeze. Whether it's banking, payment services, or accessing lifestyle features, everything is just a few clicks away!!",4515e0fb-53a8-4310-8734-084b884ed005,Google Play Store
Dashen Bank,5,2025-04-21,"The Dashen Bank Super App has truly elevated my mobile banking experience. It's fast, user-friendly, and packed with all the essential features. The interface is clean and intuitive, making navigation easy even for first-time users. I also appreciate the added security features that give me peace of mind while banking on the go. Dashen Bank has done an amazing job with this app‚Äîit‚Äôs reliable, efficient, and always improving. Highly recommended for anyone looking for seamless digital banking!",62e4269a-6b6b-44ea-a4ec-07b21d8eda68,Google Play Store
Dashen Bank,5,2025-04-21,"A truly impressive app ‚Äî user-friendly and a game-changer in Ethiopian banking. The Dashen Super App stands out as one of the most innovative and convenient digital banking solutions in Ethiopia‚Äôs financial history. Smooth navigation, seamless features, and a wide range of services all in one place. Well done!",be79dbdd-63db-463c-9abf-a88387d6b07a,Google Play Store
Dashen Bank,2,2025-04-24,"there is nothing super about this app, repeatedly failed transaction and wastes customer valuable time. if you have to do system upgrade do it at a time when there is less traffic demand. your Technical difficulty should not be reflected on customer.",a96e41e8-767a-47e4-831c-2993d37f2906,Google Play Store
Dashen Bank,5,2025-04-22,"""Dashen Super App'' is impressive with its focus on simplicity, speed, and quality. The user interface is clean and easy to understand. Transactions process quickly, and the overall quality of the app is top-notch. A must-have for Dashen Bank customers. ·ã≥·à∏·äï ·â£·äï·ä≠ ·ä†·äï·ãµ ·ä•·à≠·àù·åÉ ·âÄ·ã≥·àö·ç¢",acef4b82-b287-4a31-8dc8-6d701f99f9c4,Google Play Store
Dashen Bank,5,2025-04-21,"Dashen SupApp is the most contemporary application, offering a great experience by enabling users to perform multiple tasks through a single platform‚Äîsuch as chatting with friends, transferring money, paying bills, and more. It is the first app of its kind in the Ethiopian banking industry, making it a remarkable opportunity for entrepreneurs working in app-based sales and software marketing. Good job, Dashen Bank!",5bfe42a8-190a-44b6-8149-bbf58d0cbd08,Google Play Store
Dashen Bank,5,2025-04-21,"Dashen Bank Super App is a game-changer! The user-friendly design, wide range of services, and smooth performance make it incredibly convenient for everyday banking. It‚Äôs fast, secure, and truly reflects the bank‚Äôs commitment to digital excellence. Highly recommended!",ffefe136-8fc9-4c3b-a4be-71adf835a4f0,Google Play Store
Dashen Bank,5,2025-04-21,"This banking superapp is incredibly well designed. The design and appearance of the app and the overall experience I have when using the app is fantastic. The app is packed with features from banking to e-commerce all in one place.It even has a budget setting option which is super useful for managing my money. Everything runs smoothly and I love how convenient it has made my daily life. Huge Kudos to Dashen Bank. You are truly living up to the motto ''Always one step ahead."" Keep it up!",3fcf360a-1a03-42d4-9c5e-7973b8671e68,Google Play Store
Dashen Bank,5,2025-04-21,"I am very impressed with the Dashen super app. It is user-friendly and operates efficiently. The budget and chatbot features are impressive, and all items can be purchased with just three clicks.",8f0e023e-152e-44a6-bba1-627c20d3e298,Google Play Store
Dashen Bank,5,2025-04-21,"Dashen SuperApp the ultimate all-in-one solution! From banking and shopping to bill payments, everything you need is right at your fingertips. Life just got a whole lot easier!",650cfa8e-a81f-4f2e-bfbf-8f7fa6996872,Google Play Store
Dashen Bank,5,2025-02-26,"The Dashen Super App is a game-changer in digital banking, offering a seamless and convenient experience. With its user-friendly interface, fast transactions, and a wide range of financial services, it simplifies banking for customers. Features like bill payments, fund transfers, mobile top-ups, and loan applications make it an all-in-one solution. Plus, its security measures ensure safe and reliable Experiance effortless banking",759ccebb-dcdd-4f4b-bc9b-7a7453191e52,Google Play Store
Dashen Bank,5,2025-03-28,"I‚Äôve been using the Dashen Bank Super App for a while now, and it‚Äôs been a game-changer. The app is super fast and reliable‚ÄîI‚Äôve never had an issue with transactions being delayed. One of my favorite features is the chat banking, which makes it so easy to do things like check my balance or transfer money just by typing a quick message. The budgeting tool is also really useful. It helps me keep track of my spending and gives me a clear picture of where",1124e4c7-b545-49aa-be67-4284f2b39eeb,Google Play Store
Dashen Bank,2,2025-04-09,"I had a disappointing experience with Dashen Bank's Super Up service. The app is very slow and takes forever to load during transactions, which is incredibly frustrating. Additionally, it doesn't generate receipts for any transactions, making it difficult to keep track of my expenses. I also reached out to customer support, but the response time was longer than expected. Overall, I was hoping for a better experience, but I find the service lacking and in need of improvement.",87355423-1404-4beb-b08d-7cad5d4b4f08,Google Play Store
Dashen Bank,5,2025-04-23,"This super app is a total game-changer‚Äîfast, reliable, and packed with everything I need in one place. It‚Äôs seamless and super convenient. Love it!""",1115d2b9-b1f0-4fe5-a92c-67aed49141a7,Google Play Store
Dashen Bank,5,2025-04-24,"Smooth and secure experience transfers, bill payments, and tracking expenses are all effortless. The intuitive design makes banking on the go.",7e450cb8-6117-4fb2-b6fe-a4b889074190,Google Play Store
Dashen Bank,5,2025-04-21,"The app keeps getting better with every update! Smooth performance, great UI, and top-notch security. Thank you for making banking so convenient!""",353f56b2-61a0-4685-82b3-8007b602bdaa,Google Play Store
Dashen Bank,5,2025-04-23,"I'm really impressed with this app! It‚Äôs user-friendly, runs smoothly, and has all the features I need. Makes my tasks so much easier and saves me a lot of time. Highly recommended!",e887c287-a3a3-42dc-bd9a-7508531f6f0c,Google Play Store
Dashen Bank,5,2025-04-21,"It is,really super because of its unique offerings to individuals and businesses.It is a secure UX first app intended to cater comprehensive digital meeds.I am also happy to know that Dashen is considering to make the app more inclusive by lowering the mobile version requirements .",31eddf1f-9725-472b-b29a-53377dac71ca,Google Play Store
Dashen Bank,2,2025-06-07,I like this mobile banking app very much. Overall user interface and navigation is awesome. But it lacks instant response when someone deposit or withdraw money.,6ab16d21-d2c8-4235-9c48-ff713bfde731,Google Play Store
Dashen Bank,1,2025-03-14,"This app is the most unreliable mobile banking application I have ever used for transaction, it is very late, non-responsive and full of bugs. Its is very disappointing. It is just inconvinient, and not user friendly and compatabke at all !!!!!!",a02f3622-dc96-4c0a-9509-83f06407c209,Google Play Store
Dashen Bank,5,2025-04-21,"The app is incredibly handy for managing multiple financial tasks, from bill payments to managing budgets. It‚Äôs saved me a lot of time and made banking way more convenient. Definitely worth checking out!",873196ce-c4ce-441c-a522-dd0785ea59f3,Google Play Store
Dashen Bank,1,2025-03-20,"This app is not supporting smart phones that have old android version and so it is none inclusive. At the same time the amole lite is not working properly and once you reached to maximum otp trail mistakes due to network or other errors like stacks , you will be tied up to make Transactions. Ohh... tired!!!!!",48ca44ba-ef5d-4023-84c2-20fa95be75d5,Google Play Store
Dashen Bank,5,2025-03-31,"This is not only a mobile banking app, it is beyond that. We will access our account easily, we are able to get many information easily here. i.e. exchage rate. We are able to chat with others, we are able to budget, we are able to transfer to other bank and within Dashen. we are able to access many accounts in a single app, we are able to pay bills in QR scan, we are able to make payments and order delivery items here in a single app. #Always one step ahead.",98ca9bca-5c01-4997-b80a-b8a53481b391,Google Play Store
Dashen Bank,5,2025-02-26,"Super Up is the ultimate digital banking app, living up to its name with speed, efficiency, and innovation. Designed for a seamless experience, it offers lightning-fast transactions, top-tier security, and effortless financial management. With Super Up, banking has never been this smooth, smart, and super!",74f35e55-6ee7-4d01-bc8a-e5b3c92a6b70,Google Play Store
Dashen Bank,3,2025-05-18,Its good app than other compitators but it confuse when we transfer it needs OTP and PIN most user inter their pin instead of OTP we know the litrecy level of our society so if it is device based i dont know the needs of OTP so please try to fix,29d8b281-c802-4996-8dc3-eb99d78a43ed,Google Play Store
Dashen Bank,5,2025-03-10,"Greately improved since it was released! I really like the budget and expense tegistration feature. For ATM or POS withdrawals, it is not possible to account these expenses, even if it is visible on the transactions window. If that can be worked on, it will be improve so much!!",a9b0db48-0dae-4e29-9406-dfc9b52cd466,Google Play Store
Dashen Bank,5,2025-04-21,"Db sup app is A platform or an application that can grasp more satisfactions through fastest mode of operation which means for budget planning, to use QR code(scan, pay, go) chat with staff, acc to acc other bank ft, merchant payment, and easly. I addition to i satisfied and i invite everyone to use those platform!!.",ba65f5a6-aa3f-4c38-956e-7077d9756d65,Google Play Store
Dashen Bank,5,2025-04-22,"The app has various usefull functions, which make easy the payment system. Also, it will connect with sellers having reasonable prices.",cdbc2de4-065b-4230-a34b-c532cf84ae71,Google Play Store
Dashen Bank,5,2025-04-21,"One of the best digital platforms I‚Äôve used! From smooth transactions to a seamless shopping experience, Highly recommended",5145d0cf-0bf3-4b48-9c11-46819cd06bcd,Google Play Store
Dashen Bank,5,2025-04-21,"Dashen SuperApp is a lifesaver! Banking, shopping, and bills in one super easy app. The new e-commerce feature is awesome and supports local merchants. Fast, secure, and proudly Ethiopian.Download it now‚Äîyou won‚Äôt regret it!",5b8c94df-b1d3-4948-bcb1-238e80146227,Google Play Store
Dashen Bank,4,2025-04-21,"A game changer in Ethiopian digital banking fast, secure, and packed with services. Everything you need, all in one powerful app. A true leap toward financial convenience and innovation!",86b63f8a-6ca9-487d-beca-ed2f75ca888f,Google Play Store
Dashen Bank,5,2025-04-21,"It is a very user friendly, attractive user interface, full of useful features. I really encourage everyone to give it a try.",34df06ad-f6e9-46cc-b5f8-34baddb56b9b,Google Play Store
Dashen Bank,5,2025-04-22,Dashen Super App contains extended selections for customers and can be easily accessible and also friendly to use.,d41dd3e3-b09b-4d1f-a5a2-0caa9f430e37,Google Play Store
Dashen Bank,5,2025-04-21,"The Dashen Super App offers a modern, user-friendly experience that leverages the latest technological advancements to deliver a seamless e-commerce platform",1351d527-0ebd-4fcb-9c37-ba6361ece17e,Google Play Store
Dashen Bank,5,2025-04-21,"I have an incredible experience with Dashen super app, what an amazing platform is it?. keep pioneering in technological advancement üëèüëèüëè",f3f97b40-b273-44a0-afb9-1d393132be8d,Google Play Store
Dashen Bank,5,2025-04-21,"The user experience is seamless, and everything just works perfectly right out of the box. I can‚Äôt believe how much time and effort it saves me every day.",70e43e76-a4ca-4e15-b690-93a34a5bf675,Google Play Store
Dashen Bank,5,2025-04-22,The app has great user interface with comprehensive payments and E-commerce platforms. And also it includes unique features such as chat Banking and budget.,1ba081f6-d792-4a8e-a001-8613242bee50,Google Play Store
Dashen Bank,5,2025-01-22,Excellent banking app for all your needs! Who needs a physical branch when you can use Dashen Bank Super App Instead! I've never had an issue with anything that Dashen Bank Super App haven't handled swiftly and resolved to my satisfaction and above I don't often write reviews but this is an app/bank that I would highly recommended to everyone üíØ üëåüëç,143ca385-df65-48dc-8339-c870d3fce650,Google Play Store
Dashen Bank,5,2025-01-15,"It has a great application features from the beginning. I'm glad to use it even I haven't used it yet because I haven't activated my account yet. But it's simple, comprehensive, full of information, and fast. ·â†·à≠·â± ·ã≥·à∏·äñ·âΩ: The super app has impressed me more than I expected.",02f78b78-255a-4e0b-9cca-5be6f627903d,Google Play Store
Dashen Bank,5,2025-03-12,I have used many mobile banking and also tellebir and mpesa nothing come close to this app. Well done Dashen indeed one step a head. A lot of cool features that amole hasn't the receipt and the account statement is superb for me. I hope you add more integrated small apps to.,a34ea67e-01a2-487d-b414-b2d41d0572a2,Google Play Store
Dashen Bank,5,2025-04-21,"The App is incredibly user-friendly and brings multiple services into one place. It's fast, intuitive, and makes daily tasks super convenient. A true all-in-one solution!",10870471-f38d-4dae-8a2c-ea875933d8ef,Google Play Store
Dashen Bank,5,2025-04-21,"After i download the app recently had a smooth expriance, its user friendly, fast, and everything works as expected. keep up the good work.",22725963-a873-43c8-a711-f52ec4ce55b2,Google Play Store
Dashen Bank,1,2025-04-07,"This is the worst mobile banking experience I‚Äôve ever had. It doesn‚Äôt work when you need it, and it randomly updates itself without warning. You can‚Äôt make transactions whenever you want. It‚Äôs a nightmare for anyone who relies on this as their main banking option, especially those with a lot of money in their account. I‚Äôm lucky I‚Äôm not one of them, but still, it‚Äôs infuriating not being able to access your money when you need it.""l",aa31a976-cb24-4df5-8f7c-6fcb238d9327,Google Play Store
Dashen Bank,5,2025-04-21,dashen bank super up has very fast and convenience and also it has contain more things on one app .I am very interesting to use dashen bank super up,a852af36-a839-4285-b57d-2a0616e9e544,Google Play Store
Dashen Bank,5,2025-04-21,it has clear detail information about the application so it helps customer how to use the app. and it is very easy to use and also app is secure.,bcf18a5b-5e9e-43f1-8dfa-d2fb31a8dcd7,Google Play Store
Dashen Bank,5,2025-04-21,"Dear Users of the Dashen Bank Super App,I have been using the Dashen Bank Super App for a while now, and I must say‚Äîit‚Äôs truly a game-changer! The app is incredibly fast and reliable; I‚Äôve never encountered any delays with my transactions. One feature I absolutely love is Chat Banking. It makes everyday tasks like checking my balance or transferring money as simple as sending a quick message. Also, the budgeting tool has been a huge help in tracking my spending and giving me a clearer",02b8cc52-e23d-4b2f-b1e5-576c3560b859,Google Play Store
Dashen Bank,5,2025-04-21,"Banking, but make it smart. Local solutions, all in one place. Smooth, fast, and actually saving time. Feels like the future. Love it!",ce9b538b-ea95-497b-ba79-45189131f057,Google Play Store
Dashen Bank,1,2025-04-25,"It is very slow and it lacks many features to be a super app. High rating is given by their employees, not by the customers.",3cef32ad-b3c0-4784-8594-0dfee471123e,Google Play Store
Dashen Bank,5,2025-04-21,"the very easy, secured, fast and multifunctional dashen supper application I ever seen. dashen really one steps ahead!!!",876f0ee8-c6e9-437e-9a56-bf00083a0319,Google Play Store
Dashen Bank,5,2025-04-21,I was really amazed by the idea of an e-commerce service on a banking app. This is what it means to be one step ahead. Please include all kinds of products in there as soon as possible.,b5a99318-f47b-46ae-8eef-db5c863f7958,Google Play Store
Dashen Bank,5,2025-04-21,"All-in-one convenience, From managing accounts to paying bills and shopping online and the chat banking is game changer, this app does it all seamlessly.",117e220b-de40-4fd8-8d9e-15b95080d3a5,Google Play Store
Dashen Bank,2,2025-02-24,"It has good feature. But, it is Very Slow! difficult to pay or receive. The Speed should be improved, else I didn't recommend.",804dc621-491a-4645-abf9-0b5db917406a,Google Play Store
Dashen Bank,4,2025-01-17,It has a Good performance but need more upgrade for more performance like when we login account not be fast balance show other thing looking good. Carry on. Thanks so much for Greatest service,40cc8813-3573-4cc3-bbba-3cd722362717,Google Play Store
Dashen Bank,4,2025-05-20,Nothing is changed in the updated version. You have been collecting comments but where is the feed back you improved in this version. superapp is mot functioning today.,c8a76cee-dbcc-491e-9aa0-0f8fa423ee1a,Google Play Store
Dashen Bank,5,2025-04-14,"The Dashen Super App delivers a remarkably fast, highly secure, and exceptionally user-friendly experience, establishing it as a leading application in its category.keep it up and stay ahead Dashen Bank.",e7057ab4-ff08-40bd-8c50-1d67ce4f5058,Google Play Store
Dashen Bank,5,2025-04-21,"one of the best digital platforms I've used! from smooth transactions to a seamless shopping experience, highly recommended.",328e442a-c92a-42dc-a91c-44d71556a34e,Google Play Store
Dashen Bank,3,2025-04-21,"dashen bank supper app is the most easy to use and have high speed,quality and I like features like chat,budget,fuel payment, and security for my opinion this product is techonolgy edge,this international standard thanks for product oweners (dashen bank)",05ea16ca-9cbf-4683-9ac7-ea4395cf688b,Google Play Store
Dashen Bank,1,2025-03-19,I wanted to share some concerns about your Supper App. It appears to be experiencing reliability issues and isn‚Äôt performing as expected. I hope this can be addressed soon to improve the user experience. One star üåü for now.,acab324e-1c06-4be4-bfb4-093e0d0db46f,Google Play Store
Dashen Bank,5,2025-04-22,"A powerful, local solution that rivals any global app. I love how easy it is to explore services and products.",f20f93ab-8f75-40aa-89a6-c450f54a7365,Google Play Store
Dashen Bank,5,2025-04-21,"All-in-one finance & e-commerce super app! Pay, save, shop seamlessly. Fast, secure. #BankAndShop",83682450-a7ae-424d-9ea9-15b6fe29de4d,Google Play Store
Dashen Bank,5,2025-05-12,"A must have, seamless, all in one digital platform ""DB Superapp""! Keep living your motto ""Always one step ahead""",c3afc51f-9e2b-4b3d-b155-0339a9ce0f20,Google Play Store
Dashen Bank,5,2025-05-15,"Dashen bank app is very good, but sometimes it is not working well",d8ab69ab-7277-493d-a2d5-0db4fd48635c,Google Play Store
Dashen Bank,5,2025-04-21,"Dashen SuperApp blends finance, shopping, and daily services effortlessly. The new e-commerce feature is smooth and supports local merchants‚Äîproud to back an Ethiopian-made solution!",2a157c0e-b57e-43e8-8207-4ae55e549812,Google Play Store
Dashen Bank,5,2025-04-21,The new e-commerce feature is incredibly amazing and user friendly.,06aa9940-e8eb-45b2-91c7-1f13bd1645b6,Google Play Store
Dashen Bank,5,2025-05-03,I am highly excited by using this application and it is the most favorable as well as preferrable mobile app.,62102c1c-85b0-4965-b033-063c67ac9129,Google Play Store
Dashen Bank,5,2025-04-22,making transactions has never been easier. the new update is just amazing,a7530454-7c62-4c62-9f29-9f3a2e82c705,Google Play Store
Dashen Bank,5,2025-04-21,Dashen Super App gives me an amazing convenience and makes life easy.,996483eb-2fa8-4628-8c6f-059c82d9e883,Google Play Store
Dashen Bank,5,2025-04-21,"Dashen Bank super App is the most suitable, reliable, and fast digital banking system.",f1d0d6cf-8d40-4ff9-99d5-3225c4efd6b9,Google Play Store
Dashen Bank,4,2025-05-03,nice app especially GUI and I have got some error when you send within dashen bank the receipter is not get SMS notification,157b5f87-506e-46dc-b89b-179653dbd957,Google Play Store
Dashen Bank,5,2025-04-21,I really like this amazing application and Dashen Supper app that has made my life easier.,c8734abd-f137-417a-8c36-defbc982ec26,Google Play Store
Dashen Bank,5,2025-04-21,Easy to use and has many options. It is the best financial app I have ever used.,dd0238ce-336d-4dac-832c-8d01f44faf0a,Google Play Store
Dashen Bank,5,2025-04-24,Incomparably user-friendly and fast app for mobile banking.,b7dbd93e-582d-4510-af69-30c206f1a99d,Google Play Store
Dashen Bank,5,2025-04-29,It is very fast and secured mobile banking app! I like this app!,185c1487-6efe-4ba5-bbaf-41ea48da9422,Google Play Store
Dashen Bank,5,2025-04-22,Assefa Genetu = Dashen superup is the latest and inclussive .I am happy with this super up.,9b5d99cc-8b0e-46d5-a846-ece397be1d99,Google Play Store
Dashen Bank,5,2025-04-21,"Dashen Bank Super Up,use the app and makes your easy,fast,convinent.",d5ae9239-54f2-4f66-9050-09c7aa0d84a8,Google Play Store
Dashen Bank,5,2025-04-16,"Feature-rich? Absolutely. But the speed? Painfully slow. Seriously, is it communicating with a server on Mars or something?",d5552347-d7f6-4f91-ae8c-c33d16d0a8d3,Google Play Store
Dashen Bank,4,2025-01-15,"It's great! But it will be advanced if you include a caption that allow customers to transfer to Telebirr account. Dashen Bank, ""·ä©·àâ ·åç·ãú·ç° ·àì·ã∞ ·àµ·åï·àö ·âÄ·ã≥·àö·ç¢"" (Always one step ahead!)",de496d31-86a5-4051-b76d-4e91d882f5f5,Google Play Store
Dashen Bank,5,2025-01-23,"This app is literally the best thing ever The chat banking is so easy just text and it‚Äôs done Super smooth, fast, and honestly a life saverIf you haven‚Äôt downloaded it yet you‚Äôre missing out big time",9b75d0d7-9840-4c6c-bf0f-5d0816e7644c,Google Play Store
Dashen Bank,2,2025-02-11,The app missed some important features 1. It does't show recent transactions 2. Transfer to Telebirr limited to own telebirr 3. The statement does't show running balance,d98af23a-58c4-48d9-beaf-b4767f97b769,Google Play Store
Dashen Bank,5,2025-01-24,"Fast, reliable and user friendly. Amazing chatting features. Keep it up! Always one step ahead!",ed4347fd-ddc7-401d-91ae-5fdd82dcf218,Google Play Store
Dashen Bank,1,2025-04-07,It's slow to send OTP. it's not reliable. It crushed many times. It needs improvement in many ways,c7cdf3f1-a374-470d-80be-8d7bc00d360f,Google Play Store
Dashen Bank,5,2025-05-14,"It grows ethiopian digital banking step ahead.All fetures in one,simple fast and convince.",39322571-d8e5-42c6-8c9c-9f31706d5e4f,Google Play Store
Dashen Bank,5,2025-04-21,"The Dashen supperapp is a revolutionary advancement in digital banking, combining exceptional usability, an intuitive interface and a seamless user experience. among its standout features are the integration of QR codes, account statement, transaction advise, chat, transaction authentication for limit thresholds, budgeting and different app in a single dashboard. Truly ahead of the curve ..... keep up the excellent work ü§ùüëè",134d29fb-1daa-4f59-b21f-11e5fa7be525,Google Play Store
Dashen Bank,5,2025-04-21,An app with High performance and advanced features!,94163742-6825-440b-9f7f-71d8d9d036ed,Google Play Store
Dashen Bank,5,2025-04-22,"Fast, Reliable and User Friendly. Keep it Up",524e7cc6-ccd9-4c2a-8384-968ef8f4040e,Google Play Store
Dashen Bank,3,2025-04-07,"I have experienced on using the app of Banks in Ethiopia, this Dashen sup is like old version of the applications for using. I gave 3 star for it's very low speed while login and processing",c23b473c-4144-4bea-98ae-172df77c97b1,Google Play Store
Dashen Bank,1,2025-04-21,no working for me hulum information asgebiche continue or accept yemilew button ayeseram my phone is Samsung A51,4ca0ede2-4259-4cec-a958-71d3a7555715,Google Play Store
Dashen Bank,5,2025-04-21,this app is the most simply to use and secure safe i love it to use for any bank transaction,31577c85-64e5-4309-88f4-c1806697ca2d,Google Play Store
Dashen Bank,1,2025-04-14,The app is very backward and doesn't always work. If it works three hours out of 24 hours it's great!üò•,a7b719d1-4b74-4a60-b7ed-19b62e900168,Google Play Store
Dashen Bank,5,2025-04-21,"Highly impressed! Dash Bank really nailed it with this app. Secure, reliable, and packed with features I use daily",b5161ddf-ce45-46bf-9858-07071bdeeaba,Google Play Store
Dashen Bank,5,2025-04-21,one of the best digital platforms I‚Äôve used! From smooth transactions to a seamless shopping experie,62ff3224-447a-4021-9b69-69faade17181,Google Play Store
Dashen Bank,2,2025-04-04,This app is not working unless you turn off developer mode on your phone. So it takes your rights to just use it.,4eb71bb5-9546-4eb8-9115-35dbb8ec6a84,Google Play Store
Dashen Bank,5,2025-04-21,"amazing features, faster and easy to use",0dbc863f-6b31-45ac-b3b6-cc5aad65786d,Google Play Store
Dashen Bank,5,2025-04-22,"Exceptional digital experience, SupperApp will bring new paradigm shift in the banking business. Bravo Dashen keep it up!!!!",02103d94-84d8-4ca5-aa3d-db0e512c68a7,Google Play Store
Dashen Bank,5,2025-04-21,Super Easy To Use and Fast Transaction.,65fbea88-9893-412a-adf2-7bde81ea0d0f,Google Play Store
Dashen Bank,5,2025-04-21,"Dashen Super App isn‚Äôt just an app ‚Äî it‚Äôs an experience. Effortless, powerful, and built for the future",963f1643-28ff-462c-88a7-bc9146390102,Google Play Store
Dashen Bank,5,2025-04-23,All in One ‚úçÔ∏èsecure ‚úçÔ∏èreliable ‚úçÔ∏èconvenient. Digital banking game changer!!,99705962-8067-497e-a116-cd6599ca4bb8,Google Play Store
Dashen Bank,5,2025-04-21,it so fanrastic and user friendly app. Bravo Dashen bank thanks.,43630291-4571-4e34-96d8-1d7ba7d174a9,Google Play Store
Dashen Bank,5,2025-04-21,To join digital world use supper app and make your life easy,0e6b332e-9636-45c6-9467-3826506707f5,Google Play Store
Dashen Bank,4,2025-01-20,Amazing app to use as usual! But why option of transferring to Telebirr and M pesa which was available on Amole app is omitted?? Dasheen is my favourite keep it up.,513a636f-9b72-4092-bae7-33352916e8e5,Google Play Store
Dashen Bank,2,2025-05-26,"Simple, robust features? Yes, please! But the endless loading screen killed the fun‚ÄîI couldn‚Äôt use it for days. Fix the glitch, and I‚Äôll yeet a higher rating!",aa332503-7097-479d-89d9-6b762bb9e814,Google Play Store
Dashen Bank,5,2025-02-07,"#Dashen Super App; Super easy to use, secure, and fast transaction. Love it!",631604e5-d2d7-4cfc-8eed-174a736a28ad,Google Play Store
Dashen Bank,5,2025-01-16,"Excellent and user friendly App. Excellence is what makes you always one step ahead. Dashen Bank, Always One Step Ahead !!",6653632f-1bf6-4a52-8cf4-40b9d21e88f2,Google Play Store
Dashen Bank,5,2025-04-21,"I choose Dashen Bank Super Up since, it is easy to use & it has attractive features !",98a21365-53e3-42ef-8481-573c6ef8a181,Google Play Store
Dashen Bank,5,2025-04-21,the chat banking and unique and only app that alow money request!!,0d377b76-0853-4251-b23e-81fd0cc4d9f5,Google Play Store
Dashen Bank,4,2025-03-08,Nice app but i experience some issues with others banks transfer it keeps saying account is not exist most of the time.,82441d3e-7555-4c97-a5d3-aada8ee43dce,Google Play Store
Dashen Bank,5,2025-02-06,"I tried the new Dash Bank Super App today, and it's amazingly easy and fun.I recommend you download and use it. You really like it",f1f64244-c9b5-4cbe-9844-7d101beed08c,Google Play Store
Dashen Bank,5,2025-04-21,"Dashen Bank Super App is fast, reliable, and super easy to use. All my banking needs are handled smoothly in one place. Clean design and seamless experience ‚Äì highly recommended!",d41af5b1-8acf-4f66-9d54-e14316bf489d,Google Play Store
Dashen Bank,5,2025-04-21,easiness to use with fast response time,195107de-6ae9-4adf-bb09-e25c029d6706,Google Play Store
Dashen Bank,5,2025-04-22,"This is the best app ever, when is it planned to include digital lending and gasification?",2bc93d8c-1975-44d3-b7c2-ef3429278f07,Google Play Store
Dashen Bank,5,2025-04-21,", Dashen Bank Supper App is multipurpose, convenient, very attractive and Make life easier",82f5d5da-6678-4f6d-8d35-a5130983c919,Google Play Store
Dashen Bank,5,2025-04-22,Effecting payment via the app has created convenience to the recipients in easily confirming the payments received!,751bedd2-1517-4cb4-a41c-f02d5f4b2468,Google Play Store
Dashen Bank,5,2025-05-09,Amazing app super easy to use and best design. loved it.,e1c1214a-8bc1-45db-bc49-3d51dddc6b88,Google Play Store
Dashen Bank,3,2025-04-01,this apps have a good feature but but some features like developer mode turn off irritate user,f586fd46-d883-4970-8ae3-dfded1df6aa1,Google Play Store
Dashen Bank,2,2025-04-17,very disappointing app. Closes frequently and unstable in function,04461449-8fd8-4684-8b12-1bc3aee7f6f2,Google Play Store
Dashen Bank,5,2025-04-21,Dashen bank super app is the crucial and convenient app in Ethiopia. there is no other app to compare with Dashen bank super app,369da03b-61ed-424a-abab-7efc142b1038,Google Play Store
Dashen Bank,1,2025-04-12,It's bad for the connection and too many days are it that not working,0096a509-2709-4211-b0f4-626d3d6a8dbb,Google Play Store
Dashen Bank,5,2025-04-21,dashen super app is simple faster and reliable.,369c76a3-4250-4983-a479-859c8eed7007,Google Play Store
Dashen Bank,5,2025-04-21,I love it. one of the best mobile banking app in the banking industry,50117391-aa47-4c25-b9fa-bda3a861d922,Google Play Store
Dashen Bank,5,2025-04-30,"Best UI mobile banking app, props to design team",222e6a10-b3df-421c-83ae-1ff05ec40496,Google Play Store
Dashen Bank,5,2025-05-31,Massive upgrade from the Amole app.,caf4a80c-85db-4b49-ab9c-a0b55e152317,Google Play Store
Dashen Bank,5,2025-05-22,"The best of best is now arrived **Empowering Your Financial Freedom** ""Experience seamless banking at your fingertips with Dashen Bank. Empowering your financial freedom, anytime, anywhere!"" **Innovation Meets Convenience** ""Dashen Bank Mobile Banking: Where innovation meets convenience. **Secure and Reliable** ""Bank with confidence",bb72bc30-a3bb-468f-ad15-1ca88c7897ae,Google Play Store
Dashen Bank,5,2025-04-23,This is the best banking app ever. I recommend everyone to use it.,49c926f1-3b4f-48af-8fab-ce09046e20cc,Google Play Store
Dashen Bank,4,2025-05-31,this app better than Amole . but the biometric on new update doesn't work,5e6ff839-abc2-4b30-a8b4-e0f331da29d1,Google Play Store
Dashen Bank,5,2025-04-21,A fantastic product!! keep the good work.,a1a3c20b-aef3-474d-b045-c700d6fae1bc,Google Play Store
Dashen Bank,5,2025-04-22,Great for everyday banking and payments on the go,be4677cc-1140-4ab6-b785-420638e0d7ba,Google Play Store
Dashen Bank,1,2025-04-28,Its slow when i try to see the Recent Transaction and stucked,9f0dddc5-58fa-4637-9a98-414044aa8bd0,Google Play Store
Dashen Bank,5,2025-04-21,"easy &,simple to use",fdcc34cc-699d-46ba-bcde-69f82e340aa4,Google Play Store
Dashen Bank,5,2025-04-22,its features are so dynamic,9dd7083b-d295-42f5-b18f-f11dc02839a7,Google Play Store
Dashen Bank,5,2025-04-21,Dashen supper App is the most useful app for our customers,34f021e1-7017-44b8-b630-9d1dc75bf1db,Google Play Store
Dashen Bank,5,2025-04-21,convenient and fast,8a3f027a-9427-4cd2-901b-6fff9659d994,Google Play Store
Dashen Bank,5,2025-04-21,excellent mobile banking app,99157497-80f6-4302-9987-a61fb2d35d8b,Google Play Store
Dashen Bank,5,2025-04-21,wawwwww what nice super app !!keep it up dashen bank !!,1e865933-282f-4ea1-98f5-98c08d95a40f,Google Play Store
Dashen Bank,5,2025-04-21,"This app has everything I was looking for, dashen is becoming a grandmaster.",8cd152ac-79ad-4248-8a85-574943011aa6,Google Play Store
Dashen Bank,5,2025-03-19,"best ever digital banking sector essay for understanding ,smart and convince for using",043ba0ce-d496-4f1c-bcf7-ae23c275d5a6,Google Play Store
Dashen Bank,5,2025-05-18,The best app ever in finance sector,a36489c7-0091-4e07-897f-78168bcb64b4,Google Play Store
Dashen Bank,5,2025-02-14,"Dashen Super app is secure, very easy to use and has more services uniquely like budgeting, chat, IPS...",62a49d95-3dee-4d62-9b5a-cceff329af48,Google Play Store
Dashen Bank,5,2025-01-14,Really the app looks like amazing. I can't wait to activate in the morning.,10271bb9-ee08-42d4-9c57-b33258ad1358,Google Play Store
Dashen Bank,1,2025-02-03,Excellent app ever but it needs improvement on speed and transaction lists,6b838917-bb83-44e6-8ebf-c052a041d168,Google Play Store
Dashen Bank,5,2025-01-15,It is so far so good it has a unique features than telebirr good job Dashen,ac0cc36a-ecb8-4a17-b329-1f66502b5336,Google Play Store
Dashen Bank,5,2025-02-14,Amazing and user friendly supper app and looking forward the additional features,f4f64316-a28a-464b-aba8-c9279ef1fa1f,Google Play Store
Dashen Bank,5,2025-01-17,"It is a very wonderful work that has saved its time. That is why it is ""Always one step ahead!""",42006315-95d0-4ccb-9a5c-a7ac1053d977,Google Play Store
Dashen Bank,1,2025-02-16,I don't know what happens but the application is not send verification pass code you should fix that,88d57ce9-5ba3-4d52-aaba-18c92e2cbbc8,Google Play Store
Dashen Bank,5,2025-01-31,"Dashen super app is easy to use, fast and robust",e6ac68ac-bbdb-43ec-9987-081c36a2ca8a,Google Play Store
Dashen Bank,5,2025-02-27,I wish dark mode feature is add as an option but it's good app,c7dccd52-ade3-4496-a9d1-f52e3af60664,Google Play Store
Dashen Bank,5,2025-04-22,"#dashen super app is easy to use, secure & fast transactionüòç",d7f04f13-06de-4c04-b616-a7ecbb6dd8b4,Google Play Store
Dashen Bank,4,2025-05-10,"This App makes digital banking effortless and convenient. User-friendly interface, secure transactions, and excellent features for managing finances efficiently.",6fbffae4-0ab6-4bc9-a758-204abc102d89,Google Play Store
Dashen Bank,5,2025-04-23,it is incredible product.,2d86848c-b71b-4419-871c-42ad60f1abfe,Google Play Store
Dashen Bank,5,2025-04-23,"It's an amazing app, experience it!!",7b265fe3-1e03-425b-9b06-41bafe966fc3,Google Play Store
Dashen Bank,5,2025-04-21,it is the most amazing mobile app,f0c3ab74-087f-43bd-ab00-fe80b34e864a,Google Play Store
Dashen Bank,5,2025-04-14,So far so good! their in person customer service is amazing üëè,71670dbe-1de7-4384-822f-cc47f95185d8,Google Play Store
Dashen Bank,5,2025-01-13,"Waw Great and innovated,user friendly, always one step ahead",cad7278a-410d-4eed-805d-d1a942009cc3,Google Play Store
Dashen Bank,5,2025-04-21,Best- in-class app.,386c3a7b-275d-436c-a83b-af805c1cc4ac,Google Play Store
Dashen Bank,1,2025-04-27,why do i have to change a pin number i use my finger print so dummy,cbfa6f44-6387-46f5-8c57-005106a7f33f,Google Play Store
Dashen Bank,5,2025-04-21,this is what we expect to get service Dashen Bank always like his slogan,b88fa79d-d681-4e41-8994-88bd84e50d24,Google Play Store
Dashen Bank,5,2025-04-21,amazing app really i loved it .that's why we say dashen bank is one stap ahead. It's the best mobile application that should be on every phone.,70756dbd-4ae2-40b8-b814-a6b322d9ea0b,Google Play Store
Dashen Bank,5,2025-04-21,"One app for everything! I can shop, manage my bank account , and do so much more . Truly a super app",6c78dd1a-b338-4892-8821-27329e6a37cb,Google Play Store
Dashen Bank,3,2025-04-01,It is very easy to use and powerful application.,0849d6e7-3240-430d-9fcf-d6be127a5ac0,Google Play Store
Dashen Bank,2,2025-03-06,The speed is too slow. Need some improvements.,212c339b-807a-4c89-b5b1-cb9ab844f676,Google Play Store
Dashen Bank,5,2025-04-29,dashen super app is secure band very easy,153295c5-2630-4a84-9d1e-18ac73eca0c1,Google Play Store
Dashen Bank,5,2025-04-21,A Good and fast supper app thanks for dashen bank,6a9d5447-10d8-4f6e-abc9-7a3f0ba909f6,Google Play Store
Dashen Bank,5,2025-01-14,Applause üëè Dashen Bank. One of the best super app inorder to pay easily and securely. One step a head.,89e162a6-9481-4780-9219-e1ff91ca232e,Google Play Store
Dashen Bank,2,2025-04-02,why does it ask me for both pin and opt even the opt is touch let alone both,0af7f66d-ac1b-46c8-866a-afbed0f5ed57,Google Play Store
Dashen Bank,5,2025-04-21,"It's an amazing app that is up-to-date with the times, wow wow",80908e03-2856-4e22-84ed-a70b53d96a41,Google Play Store
Dashen Bank,5,2025-04-22,fast &Friendly user Application.,e0e5b98d-5942-4c79-8610-4206edfdf353,Google Play Store
Dashen Bank,5,2025-03-31,"Waw, It's amazing app. thank you Dashen Bank.",afa8745f-7dad-4bdd-9e5b-0d7c19057f9e,Google Play Store
Dashen Bank,5,2025-04-21,Dashen supper app is the most special. ·ã≠·àù·âæ·â± ·ã≠·àà·ã´·ã´·àç!!!!,0e4cf42b-eb22-4a9d-b2f9-e99cfc55dd8b,Google Play Store
Dashen Bank,5,2025-04-24,Very easy and Fast.,125057ca-c7fb-4c34-a7d1-a2cbe0d1b369,Google Play Store
Dashen Bank,5,2025-04-22,It is an amazing application that meets the needs of customers.,f6ad312f-15c3-43bb-b291-f8a8e35e331e,Google Play Store
Dashen Bank,5,2025-05-31,very good for this app,c25b35d2-35dd-4347-a520-99471d7b1066,Google Play Store
Dashen Bank,5,2025-05-14,awesome app keep going,f14bbcf2-d3c7-4eb9-bf61-b8be931c023f,Google Play Store
Dashen Bank,5,2025-04-21,very comfortable app keep it,adb74398-cf2d-4c18-aff4-72412cfe8c51,Google Play Store
Dashen Bank,5,2025-04-21,Wow! like his name Super App...,f539096f-c091-4424-9f29-8b1de5bcd809,Google Play Store
Dashen Bank,1,2025-04-10,"The app is not working properly, I have been using it.",3371e672-aa09-45c0-9ae6-ec3d4e3e827a,Google Play Store
Dashen Bank,5,2025-05-08,excellent game changer App,f2852962-b983-44af-b296-241a3373477f,Google Play Store
Dashen Bank,1,2025-04-04,it's very disappointing fix it as soon as possible not expected from dashin bank fix it,971db897-312b-4560-998a-aaf867c9aba0,Google Play Store
Dashen Bank,5,2025-04-30,Dashen bank always one step ahead,d744a029-1173-4a4b-b7f9-7c294f6fbd5d,Google Play Store
Dashen Bank,5,2025-04-21,"Proudly made in Ethiopia, this innovation delivers more than promised. The marketplace is a major boost for local commerce",6098f0f8-c13e-4cd3-a595-25b234b6a05f,Google Play Store
Dashen Bank,5,2025-04-22,the best Supper App ever,3e0e6df3-cb63-4503-8434-e1fb0bb790d1,Google Play Store
Dashen Bank,1,2025-05-26,very useful App,37afb22a-56f0-429c-9bab-41e39e524f29,Google Play Store
Dashen Bank,5,2025-04-19,waw no idea the best app.,1806822b-7539-4ec1-bb6e-52d6a9786ee0,Google Play Store
Dashen Bank,5,2025-01-15,"A lightweight,catchy and smooth app",ce7153a9-77e9-41b8-9b70-ab9e15ef3fca,Google Play Store
Dashen Bank,4,2025-02-13,One star deducted for not to able to transfer to telebirr.,15e7f782-ce40-4927-a035-f0f73b2b5631,Google Play Store
Dashen Bank,4,2025-02-10,"Simple, Fast and Easy ‚≠ê‚≠ê‚≠êüéâ",a18d6971-00fe-4bc1-b303-7c47e6ab410b,Google Play Store
Dashen Bank,3,2025-03-08,Add the option to send money to any telebirr account like amole does.,7126c191-fb47-4ed3-ace7-3a6784d5a298,Google Play Store
Dashen Bank,5,2025-04-21,A proudly Ethiopia innovation that delivers beyond expectations. The marketplace feature is a big win for local shoppers bnd sellers,9937695e-7675-41d4-a60d-2fee72cb4b3c,Google Play Store
Dashen Bank,5,2025-01-30,Dashen bank super app for easy life.,d2f0062a-2be2-4fac-81d9-f9dd2a8f9a27,Google Play Store
Dashen Bank,5,2025-01-22,Fastest and easy to use,4497c57a-d9e7-4447-87d8-37a117332356,Google Play Store
Dashen Bank,2,2025-03-11,The app is good but it ask update every week so tiring,3a7cd664-6247-442c-b273-a913dc7cc30b,Google Play Store
Dashen Bank,5,2025-02-04,I am so thankful for having this best app Dashen one step ahead,d1c22383-7e9c-4130-923f-b69817109b3b,Google Play Store
Dashen Bank,5,2025-01-16,Always one step ahead! What a masterpiece.,90d2468b-101a-4006-ae49-d07185b49594,Google Play Store
Dashen Bank,1,2025-02-02,"It does not work functional ,",5bd1a772-544e-4524-a5bc-aa7b5d86f3fd,Google Play Store
Dashen Bank,5,2025-01-14,Faster and userfriendly,871a74e7-f701-4c92-83e1-d6bc659a397d,Google Play Store
Dashen Bank,5,2025-01-14,It looks good and simple to use,30ebc149-910a-41be-ac92-fd4e9e002fd1,Google Play Store
Dashen Bank,4,2025-02-06,On Transaction page only show sent Transaction. Try to include received transaction.,ede1dfcb-1c62-403f-8d8c-0cebc9f600ca,Google Play Store
Dashen Bank,5,2025-01-30,it was amazing app.....thank you dashen bank....,173957b9-fba2-4a7e-b9bc-ec34bbe0b52a,Google Play Store
Dashen Bank,5,2025-01-21,Exellent app with exellent banking system and exellent bank ever,0a6d9811-4c0c-4ac6-9533-0f71215e1a9e,Google Play Store
Dashen Bank,5,2025-04-21,A game-changing Ethiopian innovation‚Äîwhere shopping meets opportunity. The marketplace feature connects buyers and sellers like never before.,e84b7866-5a17-40c7-affc-1a44702a7227,Google Play Store
Dashen Bank,5,2025-04-22,i love this app esp 3 click that make e-commerce easier and convinient.,872c07eb-b111-4701-b263-c11d17dea1c7,Google Play Store
Dashen Bank,5,2025-04-21,"This Is An Amazing App with Uniqe Quality,Easy And Fast Mobile Banking App.",5b63a17e-0903-47f6-b8da-cb1c7346ad56,Google Play Store
Dashen Bank,1,2025-05-03,it seems me logging out within minutes,f4d24779-931e-4cfd-a622-92dfcb654d3d,Google Play Store
Dashen Bank,5,2025-04-21,"Very impressed with the new updates, The e-commerce section is smooth and supports Ethiopian merchants.",f37a6b6d-6879-4d35-80ba-64d2c96fa749,Google Play Store
Dashen Bank,5,2025-03-26,Very good app that like it too. B/c it is very fast and easy to use.,008fc909-9a69-40fd-9eee-cce9d3144fe9,Google Play Store
Dashen Bank,5,2025-04-21,"All in one, that is it üëå",8697f174-08de-481a-8bbd-9619e90719e6,Google Play Store
Dashen Bank,5,2025-02-01,all of dashen bank customers use the application it is good to use,030ff419-ef33-4724-afcc-3ca530dab0f5,Google Play Store
Dashen Bank,5,2025-04-21,best mobile banking application,63f87ad6-81fd-41ce-ac38-3fa11b0db062,Google Play Store
Dashen Bank,5,2025-04-21,best mobile banking application,9386a998-e31b-4518-b44f-8ddde2d80f82,Google Play Store
Dashen Bank,5,2025-01-17,‚ÄúLife-changing!‚Äù I can‚Äôt imagine going back to traditional banking after using this app. It‚Äôs so convenient.,b969925e-d6eb-4620-9bb2-6a7868cc4d57,Google Play Store
Dashen Bank,1,2025-02-14,This app doesn't work on my phone my phone is Samsung Galaxy s7 android version 9 All other financial apps work like telebirr CBE M_pesa...,30cdf34a-c7e8-4573-b51d-920e576eb5a9,Google Play Store
Dashen Bank,5,2025-05-01,faster than this version,0472c5b5-9fd3-49be-80f6-cca83ad918e5,Google Play Store
Dashen Bank,5,2025-03-11,It good and easy to use,d797e094-d6fb-4ead-b33a-980b9c5fb93d,Google Play Store
Dashen Bank,5,2025-01-16,The most good app and easy,21885f99-6abd-43d1-8bda-9b9c135a01ed,Google Play Store
Dashen Bank,5,2025-04-21,"A proudly Ethiopian innovation that delivers beyond expectations. The marketplace feature is a big win for local shoppers and sellers. Very impressed with the new updates, The e-commerce section is smooth and supports Ethiopian merchants!",de603128-030e-4e5b-9bda-38e74813ad2d,Google Play Store
Dashen Bank,5,2025-04-21,I appreciate that Dashen Bank takes lifestyle services into account.,032354de-55bf-4025-989e-d3b8c5b0f7f0,Google Play Store
Dashen Bank,5,2025-01-14,oh nice!!! i wish it's very nice app,e29fbbc4-6bf3-4ee8-82c7-bec09e75ae63,Google Play Store
Dashen Bank,1,2025-03-26,too slow to use.,122c3323-11c7-4f8e-a842-57272e0b80e3,Google Play Store
Dashen Bank,5,2025-05-13,what a helpful app!!!!,a1414451-a015-4553-a023-e2f4c2d8cfb9,Google Play Store
Dashen Bank,4,2025-03-13,The app is good but it has no USSD option,b2730fe5-571b-4fcd-8a66-24f872b7b8bb,Google Play Store
Dashen Bank,5,2025-04-21,it's a hestorical app. in the bank industry.,427aa626-93a9-4faf-899a-d519952b4baa,Google Play Store
Dashen Bank,5,2025-04-22,It is the best application!!!,aba6145f-bd70-43dd-ae4e-46e73fde8a82,Google Play Store
Dashen Bank,5,2025-04-21,Better and inclusive app!,e18544eb-d622-47eb-8d7d-ef3bf4df0a10,Google Play Store
Dashen Bank,1,2025-03-20,it's Be Come Busy &not working good,07855205-ebce-419e-ab28-34d0a7b7373e,Google Play Store
Dashen Bank,5,2025-04-10,it is very good app,1048668b-fdd7-488f-bd6b-83f3586915eb,Google Play Store
Dashen Bank,2,2025-05-17,"Transferring to other bank accounts is a hastle and inconvenient .Get used to seeing "" please try again """,85c0cebd-10ec-4dd1-9e5b-647b9012acf4,Google Play Store
Dashen Bank,5,2025-01-15,Small size with vast features and functionalities.,7340ad46-01ce-4b28-9d5a-680a7ea387b2,Google Play Store
Dashen Bank,5,2025-04-21,very easy and flexible app.,f6f345d9-913f-4923-93af-c3430d22d4ac,Google Play Store
Dashen Bank,1,2025-05-22,it is not as good as to the other mobile bank app.,9a583630-4540-44cb-8488-cf58211da392,Google Play Store
Dashen Bank,5,2025-01-14,The best Banking app I have ever seen,7bb4cd6c-66c5-4ac6-bae7-4231c6e67f3d,Google Play Store
Dashen Bank,5,2025-01-15,Always one step a head!,f86b4755-e62d-4f13-86f5-adf5bdf4105a,Google Play Store
Dashen Bank,5,2025-01-18,I hope it will be better than amole,80794c1d-2e9b-4fdf-88e6-c4bee65e5f94,Google Play Store
Dashen Bank,5,2025-01-11,"Like Me, I Hope It Works Better Than Before.",60f2b9c0-9fc9-49d9-97c8-7c1f9aca05fe,Google Play Store
Dashen Bank,5,2025-02-18,Super smart app.,e13bd7ee-f36d-422a-9341-7e55733d5971,Google Play Store
Dashen Bank,5,2025-01-15,Great App Well done Dashen Bank,b6417689-7817-4d01-9dac-77337118d8a5,Google Play Store
Dashen Bank,5,2025-01-15,Always one step forward,c6e938b5-244e-472c-ade8-811e02984c65,Google Play Store
Dashen Bank,5,2025-02-13,it's amazing app i have seen ever,7a363704-a9b9-4805-99ce-288543537fc5,Google Play Store
Dashen Bank,5,2025-01-20,Needs some improvement,495ede3b-26fc-497e-8409-7717affaf3f6,Google Play Store
Dashen Bank,5,2025-01-16,Better Move to catch the competition upüëç,0883eae9-8a3c-4c12-9c99-ce6945b4538b,Google Play Store
Dashen Bank,3,2025-02-06,"Good app, bad security",da386798-3db3-4e83-96b1-1444618f9e9b,Google Play Store
Dashen Bank,5,2025-01-17,Dashen yichalal. Ewnetem one step a head,c24e4faf-305a-47b2-bf62-94319d984e61,Google Play Store
Dashen Bank,5,2025-01-19,Amazing super app,0c12111e-1b8a-461f-966b-125e58c6075e,Google Play Store
Dashen Bank,2,2025-01-23,I only see white page,ee7cd878-3cf8-41b7-b8e9-e30c5db69704,Google Play Store
Dashen Bank,5,2025-01-13,Always one step ahead,7ed6c112-916c-44c2-b0ae-af2ff9d8c58f,Google Play Store
Dashen Bank,5,2025-05-09,its the best ever,8d1d472b-2bae-4749-b089-5632108ade02,Google Play Store
Dashen Bank,5,2025-03-17,The best App of all,d9e806c8-38ac-4376-8317-16692333e2dd,Google Play Store
Dashen Bank,5,2025-01-30,Excellent UI/UX and beyond Banking servicesüëçüëç,b7ba023c-3a56-4fa5-8f30-8fcce982b8ef,Google Play Store
Dashen Bank,5,2025-04-21,It keep my time to pay my bills and I generate my satment easily,867ceac0-2b05-4261-86c0-093b58ea0553,Google Play Store
Dashen Bank,5,2025-04-21,"Good actually , but it have to WORK when developer option is on üôè",67218c11-6089-4be4-a26b-801ef1c9df87,Google Play Store
Dashen Bank,1,2025-05-27,useless app ever loading take long,115f7455-45c0-483c-b690-0e83dada584b,Google Play Store
Dashen Bank,5,2025-05-02,yes i want dashen super open,4e018789-e27b-4b7c-b1d4-f79dd0affa68,Google Play Store
Dashen Bank,5,2025-03-08,Wow Excellent app,9f23d18f-937a-44d7-8e52-9808841d887f,Google Play Store
Dashen Bank,5,2025-04-04,why dashen bank workers hidden my ATM Card üèß?it's a big problem to me,86d03988-70ec-4dfa-a24c-9fb492fd62d7,Google Play Store
Dashen Bank,5,2025-02-12,Keep up the good work and pleas add water and electric utility payment,2b6f2fa5-b5ce-4c1c-adc5-b21429979ae7,Google Play Store
Dashen Bank,5,2025-02-21,Wow amazing app,347d1005-af56-400b-95e6-b48e96816565,Google Play Store
Dashen Bank,5,2025-04-17,nice app ever,1d457104-9dca-4518-9217-003ed78f3710,Google Play Store
Dashen Bank,5,2025-01-14,Wow Dashen Super App üöÄüöÄ,a3c3a7da-4b63-44b1-9440-72256216045d,Google Play Store
Dashen Bank,5,2025-05-12,"To be honest, best banking and lifestyle app in Ethiopia.",d61a5b09-39d5-4502-b270-15c6ad04f19c,Google Play Store
Dashen Bank,5,2025-01-18,Wly Super App ilove it ‚ù§Ô∏è üòç üíñ üíï,33c317d1-6366-4c33-ab00-e35488a26e2a,Google Play Store
Dashen Bank,5,2025-01-16,Proud to be dashen family . Shout out to the serial entrepreneur üëè,2a6d4b63-244e-4615-a272-6edd9860e6fb,Google Play Store
Dashen Bank,3,2025-01-31,All good we need more,faee3a15-6fa8-46e8-9196-55a9a99e7a7e,Google Play Store
Dashen Bank,5,2025-04-19,fast best app,79fabd48-7d9f-4be6-b0d2-ab35cec736eb,Google Play Store
Dashen Bank,5,2025-01-14,App That makes Difference!,a3e9f625-d8f9-47bb-aa87-6ddadf35b89e,Google Play Store
Dashen Bank,1,2025-03-22,the worst app in the market only good ui,c793fb73-c44b-4e4b-99fc-9af551261b68,Google Play Store
Dashen Bank,5,2025-03-18,good and latest,d356a5b4-5cb2-433f-aac3-1e077cea0a90,Google Play Store
Dashen Bank,5,2025-02-21,best platform... Please avoid otp,cf3081c5-a6d9-4481-80de-c990cf6b9784,Google Play Store
Dashen Bank,1,2025-02-04,Not good this app,ea5aac1f-644e-4166-86d6-d8a144d5ad77,Google Play Store
Dashen Bank,5,2025-03-21,thanks for all digital transaction,59403fd9-76ed-416f-85c3-f63b3a664bdc,Google Play Store
Dashen Bank,5,2025-04-22,betam mirt Ena betam le atikakem kelel Yale Ena michu application nw,7baf1a73-5eb3-4057-b7aa-c94108c67155,Google Play Store
Dashen Bank,5,2025-05-15,its my choice,499d89e8-8b7e-4641-b477-29ab5a5d314a,Google Play Store
Dashen Bank,3,2025-05-29,it too slow,be9a4e52-ed77-4953-9e52-17927dd7e138,Google Play Store
Dashen Bank,1,2025-05-17,dashen bank or dashen super app?,8ab908fa-9eb8-4b9a-9f76-707e01b53848,Google Play Store
Dashen Bank,5,2025-04-22,Dashen bank is my number one choice,ff1fe28f-db38-4286-acc3-b3693e528883,Google Play Store
Dashen Bank,5,2025-04-29,best app I have ever seen,63989d70-6ec3-44bb-87a8-2dad9286e37a,Google Play Store
Dashen Bank,1,2025-01-15,U can't create account,a350ad02-f499-4f8a-bb2a-4c1f887e8b71,Google Play Store
Dashen Bank,5,2025-01-14,"Truly, db => AlwaysOneStepAhead !!",bdfd757f-9d41-450e-a765-96219cf37841,Google Play Store
Dashen Bank,5,2025-01-28,mobile banking to the next level,cf843f50-d9bc-4542-a69d-da3620c76fa5,Google Play Store
Dashen Bank,5,2025-02-05,I loved it,67026e5c-4628-48b1-90a6-1c33dcec20be,Google Play Store
Dashen Bank,5,2025-05-28,real life changer,cc215b00-332a-4b1d-93d1-4fad5592f40c,Google Play Store
Dashen Bank,1,2025-01-25,Is not working,d7b6c9eb-fb71-4fb5-bd27-0d4387aea517,Google Play Store
Dashen Bank,5,2025-04-21,I love this app,3f6bead7-080a-4031-8a18-49b6e7997c15,Google Play Store
Dashen Bank,5,2025-05-30,wow to it saff and this app,486d7550-98dd-4b9d-849d-e3f3fbf7c1ed,Google Play Store
Dashen Bank,5,2025-01-15,Dashen Bank Always One Step Ahead!,cf0ccbab-5c43-4fe3-99ed-655849b5a2fe,Google Play Store
Dashen Bank,5,2025-04-05,best of best,a928485d-6535-4782-8ff5-d4f0d401957a,Google Play Store
Dashen Bank,5,2025-04-10,it's samart,2979e41b-2997-44da-82a6-fb8f9040841b,Google Play Store
Dashen Bank,5,2025-04-21,what an App,6f49f061-db2b-45e0-9947-743a32c2660f,Google Play Store
Dashen Bank,5,2025-04-06,proud by dashen bank,cc85c5a4-aa62-4817-b48d-e4fe94daa748,Google Play Store
Dashen Bank,2,2025-01-15,We will see it,d822baf8-da6c-49f0-896b-8e9bdca59098,Google Play Store
Dashen Bank,5,2025-01-13,It's Best waww üôè,b92aaec0-99b9-49ac-ae55-03c04a52aec5,Google Play Store
Dashen Bank,5,2025-02-06,Gud app kegza ga mezmn endze new aind ermjh kedme nachu hlam,f41b6dcb-0e54-468a-bba2-f5db6c7cb66d,Google Play Store
Dashen Bank,5,2025-04-04,real super up,0712b546-88dd-4f2b-a977-87ccd827841d,Google Play Store
Dashen Bank,1,2025-03-15,Worst app ever,e814d6c2-d350-4b7b-9b58-b1f387d987ac,Google Play Store
Dashen Bank,5,2025-03-31,wallahi very fantastic Bank,1181718c-4e5c-4181-a943-53e579042bd6,Google Play Store
Dashen Bank,5,2025-01-14,All in One,65c61ceb-e76c-4142-8672-50399f048fc6,Google Play Store
Dashen Bank,1,2025-02-07,It doesn't work,88374fe2-44b0-4122-9f7c-1bd98b21108e,Google Play Store
Dashen Bank,5,2025-01-14,Dashen Bank Always One Step Ahead!,39ba91c9-38f6-43c0-bccc-62ca70a7edf9,Google Play Store
Dashen Bank,3,2025-01-25,The first 3 star review is me,567e36a0-fcd9-486a-88aa-11f24f5b1af0,Google Play Store
Dashen Bank,5,2025-04-21,keep it up!,6974a44c-7969-4c5b-9ba0-3221ec5f0bb1,Google Play Store
Dashen Bank,5,2025-04-29,best of best,17d46982-18ec-43a9-85f3-0ff927671f95,Google Play Store
Dashen Bank,5,2025-01-15,This is My Bank!,9dca9330-32a2-486a-85f9-287a9dc5cd38,Google Play Store
Dashen Bank,5,2025-01-14,ALWAYS ONE STEP AHEAD,0a694319-1c5e-4541-9a4c-048c16dcbf4f,Google Play Store
Dashen Bank,5,2025-03-07,no one dashen yichlal,98dfa0bb-fbf6-4852-bf93-51e83ef6c1a9,Google Play Store
Dashen Bank,5,2025-05-24,it is good but some times says duplicate transaction why?,46d39a4d-52de-4a73-9146-654d971ffb71,Google Play Store
Dashen Bank,3,2025-06-06,love,22818807-3368-446c-8a3b-d3ca2e07a2d8,Google Play Store
Dashen Bank,4,2025-05-13,Good,be71f8b9-5329-4235-8c92-9be8be76e5cb,Google Play Store
Dashen Bank,4,2025-05-31,good,2c5df026-16eb-4d6b-a044-acf4103d1c36,Google Play Store
Dashen Bank,5,2025-05-13,Totally amazing,b34cbb10-24ea-4091-93b3-41cd5f5506ec,Google Play Store
Dashen Bank,5,2025-05-27,nice application,4a9c5167-439a-4c99-a6d4-ad143b13bcd8,Google Play Store
Dashen Bank,5,2025-05-13,Game changer,7106eec4-cb60-4cf3-8f3b-fe5b0bfb400d,Google Play Store
Dashen Bank,5,2025-05-16,good,c0dbb81a-2d73-4409-ba41-2287a340b4d9,Google Play Store
Dashen Bank,5,2025-05-16,Fantastic,a3e55437-92a6-4f5f-a9d5-45e561a077b0,Google Play Store
Dashen Bank,5,2025-05-28,good,1d64073e-c624-4035-b732-39f7a769537f,Google Play Store
Dashen Bank,5,2025-05-31,top,5ced40d8-1074-421d-b6e6-be9e12e8b6bd,Google Play Store
Dashen Bank,1,2025-05-16,always lagging,1d4a769a-320a-4f19-a945-44c214f880ae,Google Play Store
Dashen Bank,4,2025-04-30,thank you,d27b1e7f-4f07-426c-a471-d6137f89bd48,Google Play Store
Dashen Bank,5,2025-05-13,super üòé,9de192e3-daa5-40ec-a906-8969b560f171,Google Play Store
Dashen Bank,5,2025-06-01,gadaa,7db66b6a-a044-43f1-a7ad-ea8a10815548,Google Play Store
Dashen Bank,5,2025-06-03,·àò·â∏·à∏·å†,6ece1f5e-55f2-404d-b980-1cb45823180f,Google Play Store
Dashen Bank,5,2025-05-28,üëçüëçüëç,74cf1402-3df8-4a1f-9303-fb7d5c5ae7dc,Google Play Store
Dashen Bank,5,2025-04-21,This is what we call banking app. As professional I want banking app as simple as this and an app rich of features that align with my lifestyle.,7ec853c5-737f-4ffe-b35b-069674bb88a8,Google Play Store
Dashen Bank,5,2025-04-21,Excellent app.,86b26648-6711-4439-a44d-55e9aa090353,Google Play Store
Dashen Bank,5,2025-04-22,Convenient!,5a146ecb-653c-4ffe-af0f-13a97eea6825,Google Play Store
Dashen Bank,5,2025-05-02,Best App,8e88fe90-b409-432d-bcd6-a36548ee9fe8,Google Play Store
Dashen Bank,5,2025-04-28,best app,82975516-427f-4659-b256-32887b29f545,Google Play Store
Dashen Bank,5,2025-04-23,best app,f91584e2-4c24-4a52-8fc6-1ea6abb40a0c,Google Play Store
Dashen Bank,5,2025-04-20,good,bb34576e-1e17-471d-8f3d-aff3c95abc6c,Google Play Store
Dashen Bank,5,2025-04-28,waw,5f0cd027-0905-43a2-96a1-706d12976895,Google Play Store
Dashen Bank,5,2025-04-21,Best App!,179557f5-0e5f-4b02-8069-f5da0d0def2d,Google Play Store
Dashen Bank,5,2025-04-21,Very convenient,83b92800-2bb0-47d6-8d64-b3409c428817,Google Play Store
Dashen Bank,5,2025-04-18,Nice App,512f1e9d-8f80-4004-99b4-2baf41c10a81,Google Play Store
Dashen Bank,5,2025-03-29,nice app,bcc52473-3a00-4468-b561-0e5a75a8c65f,Google Play Store
Dashen Bank,5,2025-03-26,best experiences,0a7db85e-00c5-40f6-a9c2-08e130808303,Google Play Store
Dashen Bank,5,2025-04-17,good,9c8e9014-e437-4cb0-93f3-e0b2c0e9e38a,Google Play Store
Dashen Bank,5,2025-05-09,good,b3c8405c-96a7-4b5e-884c-76c97c530c34,Google Play Store
Dashen Bank,5,2025-04-06,best,001296eb-c4b1-481a-acbd-efdb9eda67a5,Google Play Store
Dashen Bank,5,2025-05-08,nice,749851ed-72d7-4f1c-8e5e-27dd822b5008,Google Play Store
Dashen Bank,5,2025-04-03,perfect,a4192549-595f-4a95-871b-aa0f9f14e4a2,Google Play Store
Dashen Bank,5,2025-03-20,Best,ab2084ae-01be-4061-a4ba-0d5db11e2874,Google Play Store
Dashen Bank,5,2025-04-04,good,6b86f487-d8b4-4ea3-9e03-704246ff4d62,Google Play Store
Dashen Bank,5,2025-03-20,Good,f9f06656-aa73-4f11-bb26-45e7858d83ef,Google Play Store
Dashen Bank,5,2025-04-16,Nice,ecc1b4fd-4cdc-45bb-b155-35203c067a70,Google Play Store
Dashen Bank,5,2025-04-21,Superb,ec94d303-bb84-4869-b414-320e5de68f29,Google Play Store
Dashen Bank,5,2025-04-24,execellent,4041a84a-1399-4b47-86dd-a7f048978f43,Google Play Store
Dashen Bank,5,2025-03-22,·â†·å£·àù ·âÖ·àç·àç ·ã´·àà ·ä†·çï ·â†·à≠·â±·àç·äï ·àà·ä†·å†·âÉ·âÄ·àù ·àù·âπ,d91ffd3d-5e49-4bee-9cea-553bbc87a371,Google Play Store
Dashen Bank,3,2025-04-08,slow cumbersome,9c142de4-313b-4287-8a61-1ee79e0a290c,Google Play Store
Dashen Bank,2,2025-04-08,Is really üíÄ,382fcdf9-c528-46d3-9b20-fd83a4f5d4f2,Google Play Store
Dashen Bank,5,2025-05-24,Wawww,a2a494de-d576-48dc-b67e-04fe79ec47b2,Google Play Store
Dashen Bank,5,2025-03-22,nic,b323a013-98d5-410b-9f76-59b7f60d3faf,Google Play Store
Dashen Bank,5,2025-04-04,tanku,7771b1bf-da9b-42d9-8aa6-9f3fabfa270e,Google Play Store
Dashen Bank,5,2025-04-13,·àù·à≠·å´·ã¨ ·äê·ãç,311016df-8e62-4b00-a956-92db6066a97f,Google Play Store
Dashen Bank,5,2025-04-16,nic app,3a2fe98e-b06a-410c-92c0-16c20162d8ea,Google Play Store
Dashen Bank,5,2025-03-06,In short ! I'm so proud of this app developers for their highest professional of developing. Thanks,739dab0d-35eb-44e1-b4a7-245712593631,Google Play Store
Dashen Bank,5,2025-03-01,Fantastic app,690ec730-d658-47b8-80d8-1b02eb85cc6b,Google Play Store
Dashen Bank,5,2025-03-04,good app,ef950bbf-cb9e-48e5-b5c7-fd71b9610eee,Google Play Store
Dashen Bank,5,2025-03-12,Hey great,c7242ed9-4510-449f-a8c8-bf10d925428e,Google Play Store
Dashen Bank,5,2025-03-08,It's best,f7507a1f-1637-45a2-872e-c7ef667b5306,Google Play Store
Dashen Bank,5,2025-03-08,Good,3bfcccc5-a802-451b-ad40-a9baeeb96212,Google Play Store
Dashen Bank,5,2025-03-10,Excellent,0f047b21-16fe-4025-be02-f72f1408e698,Google Play Store
Dashen Bank,5,2025-03-13,Good,0e3e8e4c-753b-4462-937b-224d0896115b,Google Play Store
Dashen Bank,5,2025-03-10,·â†·å£·àù ·ä†·à™·çç ·àò·â∞·åç·â†·à™·ã´ ·äê·ãç ·ç¢ ·ä†·àò·à†·åç·äì·àà·àÅ ·ç¢,2407d488-1b89-4b2b-a7be-0fa9822dbaaf,Google Play Store
Dashen Bank,4,2025-02-09,"·ã®·àö·åà·à≠·àù aplication ·äê·ãç, ·äê·åà·à≠ ·åç·äï ·â•·à≠ ·âµ·à´·äï·àµ·çà·à≠ ·à≤·ã∞·à®·åç ·ã´·àà ·çí·äï ·àò·àÜ·äë risk ·ä†·àà·ãç ·àÅ·àâ ·åä·ãú ·ã® ·âµ·à´·äï·àµ·çà·à≠ ·àò·ã∞·àù·ã∞·àö·ã´ ·çí·äï ·àò·àÜ·äï ·ä†·àà·â†·âµ!!!!!!!!!!!!:: ·ä†·à± ·â¢·àµ·â∞·ä´·ä®·àç 5 star ·ä†·àµ·ä®·ãõ·ãç ·åç·äï 4 ·à∞·å•·âª·àà·ãç::",9710f0a3-e133-4969-874b-2316715d90b7,Google Play Store
Dashen Bank,4,2025-02-22,·ä†·çï·àç·ä¨·àΩ·äë ·ä†·à™·çç ·àÜ·äñ ·à≥·àà ·â¥·àå·â•·à≠ ·ãà·ã∞·à´·àµ ·â•·âª ·àà·àù·äï ·àÜ·äê ·ä•·äï·ã∞ ·ãµ·àÆ·ãç ·àà·à∞·ãç·àù ·àò·àã·ä≠ ·â¢·âª·àç,3137ba80-d819-4ee4-bbfd-999fcc02f6f7,Google Play Store
Dashen Bank,5,2025-02-07,Baankii daashin baankii hudna galeessa galatoomaa isinii woliin jirra Godina jimmaa magaalaa Aggaaroo irraa Muaz Abamecha Abamilki,e0a1d8a1-df15-4a9b-8e99-1b596bd97fb7,Google Play Store
Dashen Bank,5,2025-02-05,Wonderful Application üòç,ee6b6f72-3d6a-463d-97e5-e187c3d333b7,Google Play Store
Dashen Bank,1,2025-04-21,Too best,d8cb9984-bf72-444c-ab26-af5b0943901e,Google Play Store
Dashen Bank,5,2025-02-04,Best app,7264d66b-d526-4a81-941a-a251c317e7a8,Google Play Store
Dashen Bank,5,2025-02-16,best üëçüëç,0bf11599-f207-433e-b671-b629b6b91dfd,Google Play Store
Dashen Bank,5,2025-02-01,Gret experience,8c56744b-4478-46fa-a17f-6159bb931a78,Google Play Store
Dashen Bank,5,2025-02-07,Good,625d43c0-5997-4d1b-86dc-c30cfd4545ba,Google Play Store
Dashen Bank,5,2025-04-02,goood,b4a1e1d2-f3d2-428b-ac7a-e40e617aace8,Google Play Store
Dashen Bank,5,2025-02-28,Good,71976761-16af-4ca5-bb77-08c4b4e13f19,Google Play Store
Dashen Bank,5,2025-02-02,Perfect,97f970d6-9c48-4769-a11a-9777b4f7e2af,Google Play Store
Dashen Bank,1,2025-02-22,No good,1e2ea57b-0f8d-43a9-bf42-d573a0324f0a,Google Play Store
Dashen Bank,2,2025-02-26,·ä®·å∞·äê·å®·ã®·å†,da45d0ae-f8d0-4fc1-9af2-7d3b8d6da59b,Google Play Store
Dashen Bank,5,2025-02-02,Ok,2fa378f6-619f-4680-b0ae-b20b1795d32d,Google Play Store
Dashen Bank,5,2025-03-30,ok,64c3dce6-f631-4253-b6e5-7793c79431b4,Google Play Store
Dashen Bank,5,2025-01-15,Really super app... so seamless and with a nice user interface .. we are proud of you dashen bank ...,a83a5e1d-f26b-4fd1-95ec-6c7d151049f0,Google Play Store
Dashen Bank,2,2025-01-29,Send to oher bank ·ã®·àö·àà·ãâ ·ãâ·àµ·å• ·åà·â•·â∞·äï ·ãà·ã∞ addisinternational bank ·àà·àò·àã·ä≠ ·ä†·ã≠·à∞·à´·àù ·àÅ·àà·â∞·äõ ·ã∞·åç·àû ·ãà·ã∞ cbe birr ·àà·àò·àã·ä≠ account number ·ã≠·å†·ã≠·âÉ·àç ·àû·â£·ã≠·àç ·äê·â†·à≠ ·äê·ãâ ·àò·å†·ã®·âÖ ·ã´·àà·â†·âµ ·ã≠·àò·àµ·àà·äõ·àç,88f31adb-275f-4f6c-90d1-94bbdbebe22b,Google Play Store
Dashen Bank,4,2025-02-12,·çç·å•·äê·â± ·â†·å£·àù ·ä†·à™·çç ·äê·ãç! ·ä•·äì ·âÄ·àà·àç ·ã´·àà ·äê·ãç ! ·äê·åà·à≠ ·åç·äï ·â∞·å®·àõ·à™ ·ãà·ã∞ ·â¥·àå·â•·à≠ ·ä§·åÄ·äï·âµ ·àò·àã·ä™·ã´ ·ä†·çï ·â¢·ä´·â∞·âµ·â†·âµ ·å•·à© ·äê·ãç::,c6d8d045-ccb6-427d-9e8b-3b8937445a28,Google Play Store
Dashen Bank,5,2025-01-15,"I love it but it has bugs during confirmation of password! So, please make it functional",5fc203ce-67c5-449e-a0a3-afdc1bb0c04d,Google Play Store
Dashen Bank,5,2025-01-15,Amazing app üëè üëå Dashen bank one step a head,11dc9c6e-53cc-4396-a152-dca400b39f11,Google Play Store
Dashen Bank,4,2025-02-13,·å•·à© ·äê·ãç ·åç·äï ·â†·ã∞·äï·â• ·àä·à∏·àª·àç ·ã≠·åà·â£·àç,40ab34a6-0027-4019-b565-824e578f79c3,Google Play Store
Dashen Bank,5,2025-01-16,Excellent app.,3f17acb1-b3a8-44ea-b12f-0875994c0d7d,Google Play Store
Dashen Bank,5,2025-01-15,Best app,58b6bfef-41fa-48aa-8d15-9ed8263d8d0e,Google Play Store
Dashen Bank,5,2025-04-26,very nice,92667270-5726-4327-8df5-03303bfbc05a,Google Play Store
Dashen Bank,5,2025-02-24,Excellent app,1d0f9b72-5b50-40f4-9659-fe79222b8213,Google Play Store
Dashen Bank,5,2025-01-15,Great!,e086d148-c7f9-4c2e-ac5f-187b86b5f2f5,Google Play Store
Dashen Bank,5,2025-01-29,Best,9b86685f-1b04-4481-baa8-f84646df2433,Google Play Store
Dashen Bank,5,2025-01-20,Amazing,09b7ab6d-f20c-4dbc-9482-c8b87aa39ffd,Google Play Store
Dashen Bank,5,2025-01-15,Nice,db55ec8f-20e7-415d-b919-509da964e01f,Google Play Store
Dashen Bank,2,2025-01-21,·àµ·àù ·â•·âª üòè,62cfc043-5211-4e44-970c-83c14628eed1,Google Play Store
Dashen Bank,5,2025-01-16,First ATM in East africa ‚≠êÔ∏è‚≠êÔ∏è‚≠êÔ∏è‚≠êÔ∏è‚≠êÔ∏è,ad65cb66-1fe6-451f-bb15-a2fe1bcadd15,Google Play Store
Dashen Bank,5,2025-02-04,·ä†·àÅ·äï ·åà·äì ·ä†·äï·ãµ ·ä•·à≠·àù·åÉ ·âÄ·ã∞·àõ·âΩ·ãç,6d543e34-b5a0-4314-b1ef-53a6d6e8ad36,Google Play Store
Dashen Bank,5,2025-01-22,Amizing Application üòç,79d870fa-d006-4188-ae49-45760269ecb6,Google Play Store
Dashen Bank,5,2025-01-17,Wow,55ef171b-bb1b-4c01-9341-6a5a4f13aee1,Google Play Store
